Opcode, Cycles
AADD, 0
AAND, 0
ADC, 1
ADC_10, 1
ADC_11, 1
ADC_12, 1
ADC_13, 1
ADC_LOCK, 13
ADC_R0, 1
ADC_R4, 1
ADCX, 1
ADD, 1
ADD_00, 1
ADD_01, 1
ADD_02, 1
ADD_03, 1
ADD_LOCK, 13
ADD_R0, 1
ADD_R4, 1
ADDPD, 2
ADDPS, 2
ADDSD, 2
ADDSS, 2
ADDSUBPD, 2
ADDSUBPS, 2
ADOX, 1
AESDEC, 3
AESDEC128KL, 0
AESDEC256KL, 0
AESDECLAST, 3
AESDECWIDE128KL, 0
AESDECWIDE256KL, 0
AESENC, 3
AESENC128KL, 0
AESENC256KL, 0
AESENCLAST, 3
AESENCWIDE128KL, 0
AESENCWIDE256KL, 0
AESIMC, 8
AESKEYGENASSIST, 7
AND, 1
AND_20, 1
AND_21, 1
AND_22, 1
AND_23, 1
AND_LOCK, 14
AND_R0, 1
AND_R4, 1
ANDN, 1
ANDNPD, 1
ANDNPS, 1
ANDPD, 1
ANDPS, 1
AOR, 0
AXOR, 0
BEXTR, 4
BEXTR_XOP, 0
BLCFILL, 0
BLCI, 0
BLCIC, 0
BLCMSK, 0
BLCS, 0
BLENDPD, 1
BLENDPS, 1
BLENDVPD, 1
BLENDVPS, 1
BLSFILL, 0
BLSI, 1
BLSIC, 0
BLSMSK, 1
BLSR, 1
BNDCL, 0
BNDCL_B, 0
BNDCL_B_D32, 0
BNDCL_B_D8, 0
BNDCL_B_I, 0
BNDCL_B_I_D32, 0
BNDCL_B_I_D8, 0
BNDCL_B_IS, 0
BNDCL_B_IS_D32, 0
BNDCL_B_IS_D8, 0
BNDCL_D32, 0
BNDCL_I_D32, 0
BNDCL_IS_D32, 0
BNDCL_R_D32, 0
BNDCN, 0
BNDCN_B, 0
BNDCN_B_D32, 0
BNDCN_B_D8, 0
BNDCN_B_I, 0
BNDCN_B_I_D32, 0
BNDCN_B_I_D8, 0
BNDCN_B_IS, 0
BNDCN_B_IS_D32, 0
BNDCN_B_IS_D8, 0
BNDCN_D32, 0
BNDCN_I_D32, 0
BNDCN_IS_D32, 0
BNDCN_R_D32, 0
BNDCU, 0
BNDCU_B, 0
BNDCU_B_D32, 0
BNDCU_B_D8, 0
BNDCU_B_I, 0
BNDCU_B_I_D32, 0
BNDCU_B_I_D8, 0
BNDCU_B_IS, 0
BNDCU_B_IS_D32, 0
BNDCU_B_IS_D8, 0
BNDCU_D32, 0
BNDCU_I_D32, 0
BNDCU_IS_D32, 0
BNDCU_R_D32, 0
BNDLDX, 0
BNDMK_B, 0
BNDMK_B_D32, 0
BNDMK_B_D8, 0
BNDMK_B_I, 0
BNDMK_B_I_D32, 0
BNDMK_B_I_D8, 0
BNDMK_B_IS, 0
BNDMK_B_IS_D32, 0
BNDMK_B_IS_D8, 0
BNDMK_D32, 0
BNDMK_I_D32, 0
BNDMK_IS_D32, 0
BNDMOV, 0
BNDSTX, 0
BSF, 3
BSR, 3
BSWAP, 2
BT, 3
BTC, 1
BTC_LOCK, 16
BTR, 1
BTR_LOCK, 16
BTS, 1
BTS_LOCK, 16
BZHI, 3
CALL_FAR, 0
CBW, 1
CDQ, 1
CDQE, 1
CLAC, 0
CLC, 0
CLD, 0
CALL_NEAR, 0
CLDEMOTE, 0
CLFLUSH, 0
CLGI, 0
CLI, 0
CLFLUSHOPT, 0
CLTS, 0
CLUI, 0
CLRSSBSY, 0
CLZERO, 0
CMC, 1
CLWB, 0
CMOVB, 1
CMOVBE, 1
CMOVL, 1
CMOVLE, 1
CMOVNB, 1
CMOVNBE, 1
CMOVNL, 1
CMOVNLE, 1
CMOVNO, 1
CMOVNP, 1
CMOVNS, 1
CMOVNZ, 1
CMOVO, 1
CMOVP, 1
CMOVS, 1
CMOVZ, 1
CMP, 1
CMP_38, 1
CMP_39, 1
CMP_3A, 1
CMP_3B, 1
CMP_R0, 1
CMP_R4, 1
CMPBEXADD, 0
CMPBXADD, 0
CMPLEXADD, 0
CMPLXADD, 0
CMPNBEXADD, 0
CMPNBXADD, 0
CMPNLEXADD, 0
CMPNLXADD, 0
CMPNOXADD, 0
CMPNPXADD, 0
CMPNSXADD, 0
CMPNZXADD, 0
CMPOXADD, 0
CMPPD, 4
CMPPS, 4
CMPSB, 1
CMPSB_REPE, 0
CMPSB_REPNE, 0
CMPSD, 1
CMPSD_REPE, 0
CMPSD_REPNE, 0
CMPPXADD, 0
CMPSQ, 1
CMPSQ_REPE, 0
CMPSQ_REPNE, 0
CMPSD_XMM, 4
CMPSW, 4
CMPSW_REPE, 0
CMPSW_REPNE, 0
CMPSS, 4
CMPSXADD, 0
CMPXCHG, 0
CMPXCHG_LOCK, 14
CMPXCHG16B, 0
CMPXCHG16B_LOCK, 21
CMPXCHG8B, 0
CMPXCHG8B_LOCK, 16
CMPZXADD, 0
COMISD, 3
CPUID, 0
CQO, 1
COMISS, 3
CRC32, 3
CVTDQ2PD, 5
CVTDQ2PS, 4
CVTPD2DQ, 5
CVTPD2PI, 8
CVTPD2PS, 5
CVTPI2PD, 6
CVTPI2PS, 4
CVTPS2DQ, 4
CVTPS2PD, 5
CVTPS2PI, 9
CVTSD2SI, 7
CVTSD2SS, 1
CVTSI2SD, 4
CVTSI2SS, 1
CVTSS2SD, 4
CVTSS2SI, 8
CVTTPD2DQ, 5
CVTTPD2PI, 8
CVTTPS2DQ, 4
CVTTPS2PI, 9
CVTTSD2SI, 7
CWD, 2
CWDE, 1
CVTTSS2SI, 8
DEC, 0
DEC_LOCK, 17
DIV, 14
DIVPD, 13
DIVPS, 11
DIVSD, 13
DIVSS, 11
DPPD, 9
EMMS, 0
ENCLS, 0
ENCLU, 0
DPPS, 14
ENCODEKEY128, 0
ENDBR32, 0
ENDBR64, 0
ENCODEKEY256, 0
ENQCMD, 0
ENQCMDS, 0
ENTER, 126
ENTER_W, 109
EXTRACTPS, 4
EXTRQ, 0
F2XM1, 0
FABS, 0
FADD, 0
FADDP, 0
FBLD, 0
FBSTP, 0
FCHS, 0
FCMOVB, 0
FCMOVBE, 0
FCMOVE, 0
FCMOVNB, 0
FCMOVNBE, 0
FCMOVNE, 0
FCMOVNU, 0
FCMOVU, 0
FCOM, 0
FCOMI, 0
FCOMIP, 0
FCOMP, 0
FCOMPP, 0
FDECSTP, 0
FCOS, 0
FDIV, 0
FDIVP, 0
FDIVR, 0
FDIVRP, 0
FFREE, 0
FIADD, 0
FICOM, 0
FICOMP, 0
FIDIV, 0
FIDIVR, 0
FILD, 0
FINCSTP, 0
FIMUL, 0
FIST, 0
FISTP, 0
FISTTP, 0
FISUB, 0
FISUBR, 0
FLD, 0
FLD1, 0
FLDCW, 0
FLDENV, 0
FLDENV_W, 0
FLDL2E, 0
FLDL2T, 0
FLDLG2, 0
FLDLN2, 0
FLDPI, 0
FLDZ, 0
FMUL, 0
FNCLEX, 0
FNINIT, 0
FNOP, 0
FMULP, 0
FNSAVE, 0
FNSAVE_W, 0
FNSTCW, 0
FNSTENV, 0
FNSTSW, 0
FNSTENV_W, 0
FNSTSW, 0
FPATAN, 0
FPREM, 0
FPREM1, 0
FPTAN, 0
FRNDINT, 0
FRSTOR, 0
FRSTOR_W, 0
FSCALE, 0
FSIN, 0
FSINCOS, 0
FSQRT, 0
FST, 0
FSTP, 0
FSUB, 0
FSUBP, 0
FSUBR, 0
FSUBRP, 0
FTST, 0
FUCOM, 0
FUCOMI, 0
FUCOMIP, 0
FUCOMP, 0
FWAIT, 0
FUCOMPP, 0
FXAM, 0
FXCH, 0
FXRSTOR, 0
FXRSTOR64, 0
FXSAVE, 0
FXSAVE64, 0
FXTRACT, 0
FYL2X, 0
GETSEC, 0
FYL2XP1, 0
GF2P8AFFINEINVQB, 3
GF2P8AFFINEQB, 3
GF2P8MULB, 3
HADDPD, 5
HLT, 0
HADDPS, 5
HRESET, 0
HSUBPD, 5
HSUBPS, 5
IDIV, 14
IMUL, 3
IMUL_IMMB, 3
IMUL_IMMZ, 3
IN, 0
INC, 0
INC_LOCK, 17
INCSSPD, 0
INSB, 0
INSB_REPE, 0
INSB_REPNE, 0
INSD, 0
INSD_REPE, 0
INSD_REPE_REX64, 0
INSD_REPNE, 0
INSD_REPNE_REX64, 0
INCSSPQ, 0
INSERTPS, 1
INSW, 0
INSW_REPE, 0
INSW_REPNE, 0
INSERTQ, 0
INT3, 0
INVD, 0
INT, 0
INVEPT, 0
INVLPG, 0
INVLPGA, 0
INVLPGB, 0
INVPCID, 0
IRET, 0
IRETD, 0
IRETQ, 0
INVVPID, 0
JB, 0
JBE, 0
JL, 0
JLE, 0
JMP, 0
JMP_FAR, 0
JNB, 0
JNBE, 0
JNL, 0
JNLE, 0
JNO, 0
JNP, 0
JNS, 0
JNZ, 0
JO, 0
JP, 0
JRCXZ, 0
JS, 0
JZ, 0
KADDB, 4
KADDD, 4
KADDQ, 4
KADDW, 4
KANDB, 1
KANDD, 1
KANDNB, 1
KANDND, 1
KANDNQ, 1
KANDNW, 1
KANDQ, 1
KANDW, 1
KMOVB, 3
KMOVD, 3
KMOVQ, 0
KMOVW, 3
KNOTB, 1
KNOTD, 1
KNOTQ, 1
KNOTW, 1
KORB, 1
KORD, 1
KORQ, 1
KORTESTB, 0
KORTESTD, 0
KORTESTQ, 0
KORTESTW, 0
KORW, 1
KSHIFTLB, 4
KSHIFTLD, 4
KSHIFTLQ, 4
KSHIFTLW, 4
KSHIFTRB, 4
KSHIFTRD, 4
KSHIFTRQ, 4
KSHIFTRW, 4
KTESTB, 0
KTESTD, 0
KTESTQ, 0
KTESTW, 0
KUNPCKBW, 4
KUNPCKDQ, 4
KUNPCKWD, 4
KXNORB, 1
KXNORD, 1
KXNORQ, 1
KXNORW, 1
KXORB, 1
KXORD, 1
KXORQ, 1
LAHF, 3
KXORW, 1
LAR, 45
LDDQU, 4
LDMXCSR, 0
LDTILECFG, 0
LEA_B, 0
LEA_B_D32, 0
LEA_B_D8, 0
LEA_B_I, 1
LEA_B_I_D32, 1
LEA_B_I_D8, 1
LEA_B_IS, 2
LEA_B_IS_D32, 2
LEA_B_IS_D8, 2
LEA_D32, 0
LEA_I_D32, 1
LEA_IS_D32, 2
LEAVE, 2
LEAVE_W, 2
LFENCE, 0
LEA_R_D32, 0
LFS, 0
LGDT, 0
LGS, 0
LIDT, 0
LLDT, 0
LMSW, 0
LODSB, 1
LODSB_REPE, 0
LODSB_REPNE, 0
LODSD, 0
LODSD_REPE, 0
LODSD_REPNE, 0
LODSQ, 0
LODSQ_REPE, 0
LODSQ_REPNE, 0
LODSW, 5
LODSW_REPE, 0
LODSW_REPNE, 0
LOADIWKEY, 0
LOOP, 2
LOOPE, 1
LOOPNE, 1
LSL, 44
LSS, 0
LTR, 0
LZCNT, 0
MASKMOVDQU, 10
MASKMOVQ, 12
MAXPD, 4
MAXPS, 4
MAXSD, 4
MCOMMIT, 0
MFENCE, 0
MAXSS, 4
MINPD, 4
MINPS, 4
MINSD, 4
MONITOR, 0
MONITORX, 0
MINSS, 4
MOV, 0
MOV_88, 1
MOV_89, 0
MOV_8A, 1
MOV_8B, 0
MOV_CR, 0
MOV_DR, 181
MOVAPD, 4
MOVAPD_0F28, 0
MOVAPD_0F29, 0
MOVAPS, 4
MOVAPS_0F28, 0
MOVAPS_0F29, 0
MOVBE, 2
MOVD, 3
MOVDDUP, 1
MOVDIR64B, 0
MOVDIRI, 514
MOVDQ2Q, 3
MOVDQA, 4
MOVDQA_0F6F, 0
MOVDQA_0F7F, 0
MOVDQU, 4
MOVDQU_0F6F, 0
MOVDQU_0F7F, 0
MOVHLPS, 1
MOVHPD, 1
MOVHPS, 1
MOVLHPS, 1
MOVLPD, 1
MOVLPS, 1
MOVMSKPD, 3
MOVMSKPS, 3
MOVNTDQ, 517
MOVNTDQA, 4
MOVNTI, 523
MOVNTPD, 520
MOVNTPS, 515
MOVNTQ, 524
MOVNTSD, 0
MOVNTSS, 0
MOVQ, 3
MOVQ_0F6F, 1
MOVQ_0F7E, 1
MOVQ_0F7F, 1
MOVQ_0FD6, 1
MOVSB, 8
MOVSB_REPE, 0
MOVSB_REPNE, 0
MOVSD, 7
MOVSD_REPE, 0
MOVSD_REPNE, 0
MOVQ2DQ, 3
MOVSD_XMM, 4
MOVSD_XMM_0F10, 1
MOVSD_XMM_0F11, 1
MOVSHDUP, 1
MOVSQ, 7
MOVSQ_REPE, 0
MOVSQ_REPNE, 0
MOVSLDUP, 1
MOVSS, 4
MOVSS_0F10, 1
MOVSW, 7
MOVSW_REPE, 0
MOVSW_REPNE, 0
MOVSS_0F11, 1
MOVSX, 1
MOVSXD, 6
MOVUPD, 4
MOVUPD_0F10, 0
MOVUPD_0F11, 0
MOVUPS, 4
MOVUPS_0F10, 0
MOVUPS_0F11, 0
MOVZX, 0
MPSADBW, 3
MUL, 3
MULPD, 4
MULPS, 4
MULSD, 4
MULSS, 4
MWAIT, 0
MWAITX, 0
MULX, 3
NEG, 1
NOP, 0
NEG_LOCK, 17
NOP, 0
NOT, 1
NOT_LOCK, 18
OR, 1
OR_08, 1
OR_09, 1
OR_0A, 1
OR_0B, 1
OR_LOCK, 13
OR_R0, 1
OR_R4, 1
ORPD, 1
ORPS, 1
OUTSB, 0
OUTSB_REPE, 0
OUTSB_REPNE, 0
OUTSD, 0
OUTSD_REPE, 0
OUTSD_REPE_REX64, 0
OUTSD_REPNE, 0
OUTSD_REPNE_REX64, 0
OUTSW, 0
OUTSW_REPE, 0
OUTSW_REPNE, 0
OUT, 0
PABSB, 1
PABSD, 1
PABSW, 1
PACKSSDW, 3
PACKSSWB, 3
PACKUSDW, 3
PACKUSWB, 3
PADDB, 1
PADDD, 1
PADDQ, 1
PADDSB, 1
PADDSW, 1
PADDUSB, 1
PADDUSW, 1
PADDW, 1
PALIGNR, 1
PAND, 1
PAUSE, 0
PANDN, 1
PAVGB, 1
PAVGW, 1
PBLENDVB, 1
PBLENDW, 1
PCLMULQDQ, 3
PCMPEQB, 0
PCMPEQD, 0
PCMPEQQ, 0
PCMPEQW, 0
PCMPESTRI, 12
PCMPESTRI64, 12
PCMPESTRM, 11
PCMPESTRM64, 11
PCMPGTB, 0
PCMPGTD, 0
PCMPGTQ, 0
PCMPGTW, 0
PCMPISTRI, 11
PCONFIG, 0
PCMPISTRM, 8
PDEP, 3
PEXT, 3
PEXTRB, 4
PEXTRD, 4
PEXTRQ, 4
PEXTRW, 4
PEXTRW_SSE4, 12
PHADDD, 2
PHADDSW, 2
PHADDW, 2
PHMINPOSUW, 4
PHSUBD, 2
PHSUBSW, 2
PHSUBW, 2
PINSRB, 1
PINSRD, 1
PINSRQ, 1
PINSRW, 1
PMADDUBSW, 5
PMADDWD, 5
PMAXSB, 1
PMAXSD, 1
PMAXSW, 1
PMAXUB, 1
PMAXUD, 1
PMAXUW, 1
PMINSB, 1
PMINSD, 1
PMINSW, 1
PMINUB, 1
PMINUD, 1
PMINUW, 1
PMOVMSKB, 3
PMOVSXBD, 1
PMOVSXBQ, 1
PMOVSXBW, 1
PMOVSXDQ, 1
PMOVSXWD, 1
PMOVSXWQ, 1
PMOVZXBD, 1
PMOVZXBQ, 1
PMOVZXBW, 1
PMOVZXDQ, 1
PMOVZXWD, 1
PMOVZXWQ, 1
PMULDQ, 5
PMULHRSW, 5
PMULHUW, 5
PMULHW, 5
PMULLD, 10
PMULLW, 5
PMULUDQ, 5
POP, 0
POP_W, 0
POPF, 0
POPFQ, 0
POPCNT, 0
POR, 1
PREFETCH_EXCLUSIVE, 0
PREFETCHIT0, 0
PREFETCHIT1, 0
PREFETCHNTA, 0
PREFETCHT0, 0
PREFETCHT1, 0
PREFETCHT2, 0
PREFETCHW, 0
PREFETCHWT1, 0
PSADBW, 3
PSHUFB, 1
PSHUFD, 1
PSHUFHW, 1
PSHUFLW, 1
PSHUFW, 1
PSIGNB, 1
PSIGND, 1
PSIGNW, 1
PSLLD, 1
PSLLDQ, 1
PSLLQ, 1
PSLLW, 1
PSMASH, 0
PSRAD, 1
PSRAW, 1
PSRLD, 1
PSRLDQ, 1
PSRLQ, 1
PSRLW, 1
PSUBB, 0
PSUBD, 0
PSUBQ, 0
PSUBSB, 0
PSUBSW, 0
PSUBUSB, 0
PSUBUSW, 0
PSUBW, 0
PTEST, 4
PTWRITE, 0
PUNPCKHBW, 1
PUNPCKHDQ, 1
PUNPCKHQDQ, 1
PUNPCKHWD, 1
PUNPCKLBW, 1
PUNPCKLDQ, 1
PUNPCKLQDQ, 1
PUNPCKLWD, 1
PUSH, 0
PUSHF, 9
PUSHFQ, 0
PUSH_W, 12
PVALIDATE, 0
PXOR, 0
RCL, 6
RCL_R0, 2
RCL_R4, 2
RCPPS, 4
RCPSS, 4
RCR, 5
RCR_R0, 2
RCR_R4, 2
RDFSBASE, 0
RDMSR, 0
RDMSRLIST, 0
RDGSBASE, 0
RDPKRU, 0
RDPMC, 0
RDPRU, 0
RDPID, 0
RDRAND, 0
RDSEED, 0
RDSSPD, 0
RDTSC, 0
RDTSCP, 0
RET_FAR, 0
RDSSPQ, 0
RET_FAR_Q, 0
RET_FAR, 0
RET_FAR_W, 0
RET_FAR_Q, 0
RET_NEAR, 0
RET_FAR_W, 0
RET_NEAR, 0
RMPADJUST, 0
RMPUPDATE, 0
ROL, 1
ROL_R0, 1
ROL_R4, 1
ROR, 1
ROR_R0, 1
ROR_R4, 1
RORX, 1
ROUNDPD, 8
ROUNDPS, 8
ROUNDSD, 8
RSM, 0
ROUNDSS, 8
RSQRTPS, 4
RSQRTSS, 4
SAHF, 4
RSTORSSP, 0
SAR, 1
SAR_R0, 1
SAR_R4, 1
SAVEPREVSSP, 0
SARX, 3
SBB, 1
SBB_18, 1
SBB_19, 1
SBB_1A, 1
SBB_1B, 1
SBB_LOCK, 13
SBB_R0, 1
SCASB, 1
SCASB_REPE, 0
SCASB_REPNE, 0
SCASD, 1
SCASD_REPE, 0
SCASD_REPNE, 0
SCASQ, 1
SCASQ_REPE, 0
SCASQ_REPNE, 0
SCASW, 1
SCASW_REPE, 0
SCASW_REPNE, 0
SEAMCALL, 0
SEAMOPS, 0
SEAMRET, 0
SBB_R4, 1
SERIALIZE, 0
SENDUIPI, 0
SETB, 1
SETBE, 1
SETL, 1
SETLE, 1
SETNB, 1
SETNBE, 1
SETNL, 1
SETNLE, 1
SETNO, 1
SETNP, 1
SETNS, 1
SETNZ, 1
SETO, 1
SETP, 1
SETSSBSY, 0
SETS, 1
SFENCE, 0
SETZ, 1
SGDT, 21
SHA1MSG1, 2
SHA1MSG2, 5
SHA1NEXTE, 1
SHA1RNDS4, 4
SHA256MSG1, 5
SHA256MSG2, 6
SHA256RNDS2, 6
SHL, 1
SHL_R0, 1
SHL_R4, 1
SHLD, 4
SHLD_CL, 0
SHLD_IMMB, 1
SHLX, 3
SHR, 1
SHR_R0, 1
SHR_R4, 1
SHRD, 1
SHRD_CL, 0
SHRD_IMMB, 1
SHRX, 3
SHUFPD, 1
SHUFPS, 1
SIDT, 21
SKINIT, 0
SLDT, 0
SMSW, 0
SQRTPD, 13
SQRTPS, 12
SQRTSD, 13
STAC, 0
STC, 0
STD, 0
STGI, 0
STI, 0
SQRTSS, 12
STOSB, 1
STOSB_REPE, 0
STOSB_REPNE, 0
STOSD, 0
STOSD_REPE, 0
STOSD_REPNE, 0
STOSQ, 0
STOSQ_REPE, 0
STOSQ_REPNE, 0
STOSW, 0
STOSW_REPE, 0
STOSW_REPNE, 0
STMXCSR, 0
STR, 0
STUI, 0
STTILECFG, 0
SUB, 1
SUB_28, 1
SUB_29, 0
SUB_2A, 1
SUB_2B, 0
SUB_LOCK, 13
SUB_R0, 1
SUB_R4, 1
SUBPD, 2
SUBPS, 2
SUBSD, 2
SWAPGS, 0
SYSCALL, 0
SYSENTER, 0
SYSEXIT, 0
SYSRET64, 0
SUBSS, 2
TDCALL, 0
T1MSKC, 0
TDPBF16PS, 0
TDPBSSD, 0
TDPBSUD, 0
TDPBUSD, 0
TDPBUUD, 0
TDPFP16PS, 0
TEST, 2
TEST_R0, 2
TESTUI, 0
TEST_R4, 2
TILELOADD, 0
TILERELEASE, 0
TILELOADDT1, 0
TILESTORED, 0
TLBSYNC, 0
TILEZERO, 0
TPAUSE, 0
TZCNT, 0
TZMSK, 0
UCOMISD, 3
UD2, 0
UIRET, 0
UCOMISS, 3
UMONITOR, 0
UMWAIT, 0
UNPCKHPD, 1
UNPCKHPS, 1
UNPCKLPD, 1
UNPCKLPS, 1
V4FMADDPS, 0
V4FMADDPS_Z, 0
V4FMADDSS, 0
V4FMADDSS_Z, 0
V4FNMADDPS, 0
V4FNMADDPS_Z, 0
V4FNMADDSS, 0
V4FNMADDSS_Z, 0
VADDPD, 3
VADDPD_ER, 3
VADDPD_ER_Z, 4
VADDPD_EVEX, 3
VADDPD_Z, 4
VADDPH, 4
VADDPH_ER, 4
VADDPH_ER_Z, 5
VADDPH_Z, 5
VADDPS, 3
VADDPS_ER, 3
VADDPS_ER_Z, 4
VADDPS_EVEX, 3
VADDPS_Z, 4
VADDSD, 3
VADDSD_ER, 3
VADDSD_ER_Z, 4
VADDSD_EVEX, 3
VADDSD_EVEX_ER, 3
VADDSD_Z, 4
VADDSH, 4
VADDSH_ER, 4
VADDSH_ER_Z, 5
VADDSH_Z, 5
VADDSS, 3
VADDSS_ER, 3
VADDSS_ER_Z, 4
VADDSS_EVEX, 3
VADDSS_EVEX_ER, 3
VADDSS_Z, 4
VADDSUBPD, 3
VADDSUBPS, 3
VAESDEC, 5
VAESDEC_EVEX, 5
VAESDECLAST, 5
VAESDECLAST_EVEX, 5
VAESENC, 5
VAESENC_EVEX, 5
VAESENCLAST, 5
VAESENCLAST_EVEX, 5
VAESIMC, 8
VAESKEYGENASSIST, 7
VALIGND, 1
VALIGND_Z, 1
VALIGNQ, 1
VALIGNQ_Z, 1
VANDNPD, 1
VANDNPD_EVEX, 1
VANDNPD_Z, 1
VANDNPS, 1
VANDNPS_EVEX, 1
VANDNPS_Z, 1
VANDPD, 1
VANDPD_EVEX, 1
VANDPD_Z, 1
VANDPS, 1
VANDPS_EVEX, 1
VANDPS_Z, 1
VBCSTNEBF162PS, 0
VBCSTNESH2PS, 0
VBLENDMPD, 0
VBLENDMPD_Z, 1
VBLENDMPS, 0
VBLENDMPS_Z, 1
VBLENDPD, 1
VBLENDPS, 1
VBLENDVPD, 2
VBLENDVPS, 2
VBROADCASTF128, 5
VBROADCASTF32X2, 1
VBROADCASTF32X2_Z, 1
VBROADCASTF32X4, 1
VBROADCASTF32X4_Z, 1
VBROADCASTF32X8, 1
VBROADCASTF32X8_Z, 1
VBROADCASTF64X2, 1
VBROADCASTF64X2_Z, 1
VBROADCASTF64X4, 1
VBROADCASTF64X4_Z, 1
VBROADCASTI128, 5
VBROADCASTI32X2, 1
VBROADCASTI32X2_Z, 1
VBROADCASTI32X4, 1
VBROADCASTI32X4_Z, 1
VBROADCASTI32X8, 1
VBROADCASTI32X8_Z, 1
VBROADCASTI64X2, 1
VBROADCASTI64X2_Z, 1
VBROADCASTI64X4, 1
VBROADCASTI64X4_Z, 1
VBROADCASTSD, 1
VBROADCASTSD_EVEX, 3
VBROADCASTSD_Z, 1
VBROADCASTSS, 1
VBROADCASTSS_EVEX, 1
VBROADCASTSS_Z, 1
VCMPPD, 3
VCMPPD_EVEX, 3
VCMPPD_SAE, 3
VCMPPH, 3
VCMPPH_SAE, 3
VCMPPS, 3
VCMPPS_EVEX, 3
VCMPPS_SAE, 3
VCMPSD, 3
VCMPSD_EVEX, 3
VCMPSD_EVEX_SAE, 3
VCMPSD_SAE, 3
VCMPSH, 3
VCMPSH_SAE, 3
VCMPSS, 3
VCMPSS_EVEX, 3
VCMPSS_EVEX_SAE, 3
VCMPSS_SAE, 3
VCOMISD, 3
VCOMISD_EVEX, 3
VCOMISD_EVEX_SAE, 3
VCOMISH, 4
VCOMISH_SAE, 4
VCOMISS, 3
VCOMISS_EVEX, 3
VCOMISS_EVEX_SAE, 3
VCOMPRESSPD, 3
VCOMPRESSPD_Z, 3
VCOMPRESSPS, 3
VCOMPRESSPS_Z, 3
VCVTDQ2PD, 4
VCVTDQ2PD_EVEX, 5
VCVTDQ2PD_Z, 4
VCVTDQ2PH, 3
VCVTDQ2PH_ER, 5
VCVTDQ2PH_ER_Z, 13
VCVTDQ2PH_Z, 11
VCVTDQ2PS, 4
VCVTDQ2PS_ER, 4
VCVTDQ2PS_ER_Z, 4
VCVTDQ2PS_EVEX, 4
VCVTDQ2PS_Z, 4
VCVTNE2PS2BF16, 5
VCVTNE2PS2BF16_Z, 5
VCVTNEEBF162PS, 0
VCVTNEEPH2PS, 0
VCVTNEOBF162PS, 0
VCVTNEOPH2PS, 0
VCVTNEPS2BF16, 5
VCVTNEPS2BF16_EVEX, 8
VCVTNEPS2BF16_VEX, 0
VCVTNEPS2BF16_Z, 5
VCVTPD2DQ, 1
VCVTPD2DQ_ER, 3
VCVTPD2DQ_ER_Z, 7
VCVTPD2DQ_EVEX, 5
VCVTPD2DQ_Z, 5
VCVTPD2PH, 4
VCVTPD2PH_ER, 6
VCVTPD2PH_ER_Z, 18
VCVTPD2PH_Z, 15
VCVTPD2PS, 1
VCVTPD2PS_ER, 3
VCVTPD2PS_ER_Z, 7
VCVTPD2PS_EVEX, 5
VCVTPD2PS_Z, 5
VCVTPD2QQ, 4
VCVTPD2QQ_ER, 4
VCVTPD2QQ_ER_Z, 4
VCVTPD2QQ_Z, 4
VCVTPD2UDQ, 1
VCVTPD2UDQ_ER, 3
VCVTPD2UDQ_ER_Z, 7
VCVTPD2UDQ_Z, 5
VCVTPD2UQQ, 4
VCVTPD2UQQ_ER, 4
VCVTPD2UQQ_ER_Z, 4
VCVTPD2UQQ_Z, 4
VCVTPH2DQ, 7
VCVTPH2DQ_ER, 7
VCVTPH2DQ_ER_Z, 7
VCVTPH2DQ_Z, 7
VCVTPH2PD, 4
VCVTPH2PD_SAE, 4
VCVTPH2PD_SAE_Z, 15
VCVTPH2PD_Z, 15
VCVTPH2PS, 6
VCVTPH2PS_EVEX, 6
VCVTPH2PS_SAE, 7
VCVTPH2PS_SAE_Z, 7
VCVTPH2PS_Z, 7
VCVTPH2PSX, 6
VCVTPH2PSX_SAE, 7
VCVTPH2PSX_SAE_Z, 10
VCVTPH2PSX_Z, 8
VCVTPH2QQ, 2
VCVTPH2QQ_ER, 2
VCVTPH2QQ_ER_Z, 7
VCVTPH2QQ_Z, 7
VCVTPH2UDQ, 7
VCVTPH2UDQ_ER, 7
VCVTPH2UDQ_ER_Z, 7
VCVTPH2UDQ_Z, 7
VCVTPH2UQQ, 2
VCVTPH2UQQ_ER, 2
VCVTPH2UQQ_ER_Z, 7
VCVTPH2UQQ_Z, 7
VCVTPH2UW, 4
VCVTPH2UW_ER, 4
VCVTPH2UW_ER_Z, 5
VCVTPH2UW_Z, 5
VCVTPH2W, 4
VCVTPH2W_ER, 4
VCVTPH2W_ER_Z, 5
VCVTPH2W_Z, 5
VCVTPS2DQ, 4
VCVTPS2DQ_ER, 4
VCVTPS2DQ_ER_Z, 4
VCVTPS2DQ_EVEX, 4
VCVTPS2DQ_Z, 4
VCVTPS2PD, 4
VCVTPS2PD_EVEX, 5
VCVTPS2PD_SAE, 4
VCVTPS2PD_SAE_Z, 4
VCVTPS2PD_Z, 4
VCVTPS2PH, 4
VCVTPS2PH_EVEX, 6
VCVTPS2PH_SAE, 6
VCVTPS2PH_SAE_Z, 10
VCVTPS2PH_Z, 8
VCVTPS2PHX, 4
VCVTPS2PHX_ER, 6
VCVTPS2PHX_ER_Z, 10
VCVTPS2PHX_Z, 8
VCVTPS2QQ, 4
VCVTPS2QQ_ER, 4
VCVTPS2QQ_ER_Z, 4
VCVTPS2QQ_Z, 4
VCVTPS2UDQ, 4
VCVTPS2UDQ_ER, 4
VCVTPS2UDQ_ER_Z, 4
VCVTPS2UDQ_Z, 4
VCVTPS2UQQ, 4
VCVTPS2UQQ_ER, 4
VCVTPS2UQQ_ER_Z, 4
VCVTPS2UQQ_Z, 4
VCVTQQ2PD, 4
VCVTQQ2PD_ER, 4
VCVTQQ2PD_ER_Z, 4
VCVTQQ2PD_Z, 4
VCVTQQ2PH, 3
VCVTQQ2PH_ER, 5
VCVTQQ2PH_ER_Z, 12
VCVTQQ2PH_Z, 10
VCVTQQ2PS, 1
VCVTQQ2PS_ER, 3
VCVTQQ2PS_ER_Z, 7
VCVTQQ2PS_Z, 5
VCVTSD2SH, 2
VCVTSD2SH_ER, 2
VCVTSD2SH_ER_Z, 4
VCVTSD2SH_Z, 4
VCVTSD2SI, 7
VCVTSD2SI_EVEX, 7
VCVTSD2SI_EVEX_ER, 7
VCVTSD2SS, 1
VCVTSD2SS_ER, 1
VCVTSD2SS_ER_Z, 1
VCVTSD2SS_EVEX, 1
VCVTSD2SS_EVEX_ER, 1
VCVTSD2SS_Z, 1
VCVTSD2USI, 7
VCVTSD2USI_ER, 7
VCVTSH2SD, 4
VCVTSH2SD_SAE, 4
VCVTSH2SD_SAE_Z, 4
VCVTSH2SD_Z, 4
VCVTSH2SI, 8
VCVTSH2SI_ER, 8
VCVTSH2SS, 5
VCVTSH2SS_SAE, 5
VCVTSH2SS_SAE_Z, 7
VCVTSH2SS_Z, 7
VCVTSH2USI, 8
VCVTSH2USI_ER, 8
VCVTSI2SD, 4
VCVTSI2SD_EVEX, 4
VCVTSI2SD_EVEX_ER, 4
VCVTSI2SH, 2
VCVTSI2SH_ER, 2
VCVTSI2SS, 1
VCVTSI2SS_EVEX, 1
VCVTSI2SS_EVEX_ER, 2
VCVTSS2SD, 4
VCVTSS2SD_EVEX, 4
VCVTSS2SD_EVEX_SAE, 4
VCVTSS2SD_SAE, 4
VCVTSS2SD_SAE_Z, 4
VCVTSS2SD_Z, 4
VCVTSS2SH, 2
VCVTSS2SH_ER, 2
VCVTSS2SH_ER_Z, 4
VCVTSS2SH_Z, 4
VCVTSS2SI, 8
VCVTSS2SI_EVEX, 8
VCVTSS2SI_EVEX_ER, 8
VCVTSS2USI, 8
VCVTSS2USI_ER, 8
VCVTTPD2DQ, 1
VCVTTPD2DQ_EVEX, 5
VCVTTPD2DQ_SAE, 3
VCVTTPD2DQ_SAE_Z, 7
VCVTTPD2DQ_Z, 5
VCVTTPD2QQ, 4
VCVTTPD2QQ_SAE, 4
VCVTTPD2QQ_SAE_Z, 4
VCVTTPD2QQ_Z, 4
VCVTTPD2UDQ, 1
VCVTTPD2UDQ_SAE, 3
VCVTTPD2UDQ_SAE_Z, 7
VCVTTPD2UDQ_Z, 5
VCVTTPD2UQQ, 4
VCVTTPD2UQQ_SAE, 4
VCVTTPD2UQQ_SAE_Z, 4
VCVTTPD2UQQ_Z, 4
VCVTTPH2DQ, 7
VCVTTPH2DQ_SAE, 7
VCVTTPH2DQ_SAE_Z, 7
VCVTTPH2DQ_Z, 7
VCVTTPH2QQ, 2
VCVTTPH2QQ_SAE, 2
VCVTTPH2QQ_SAE_Z, 7
VCVTTPH2QQ_Z, 7
VCVTTPH2UDQ, 7
VCVTTPH2UDQ_SAE, 7
VCVTTPH2UDQ_SAE_Z, 7
VCVTTPH2UDQ_Z, 7
VCVTTPH2UQQ, 2
VCVTTPH2UQQ_SAE, 2
VCVTTPH2UQQ_SAE_Z, 7
VCVTTPH2UQQ_Z, 7
VCVTTPH2UW, 4
VCVTTPH2UW_SAE, 4
VCVTTPH2UW_SAE_Z, 5
VCVTTPH2UW_Z, 5
VCVTTPH2W, 4
VCVTTPH2W_SAE, 4
VCVTTPH2W_SAE_Z, 5
VCVTTPH2W_Z, 5
VCVTTPS2DQ, 4
VCVTTPS2DQ_EVEX, 4
VCVTTPS2DQ_SAE, 4
VCVTTPS2DQ_SAE_Z, 4
VCVTTPS2DQ_Z, 4
VCVTTPS2QQ, 4
VCVTTPS2QQ_SAE, 4
VCVTTPS2QQ_SAE_Z, 4
VCVTTPS2QQ_Z, 4
VCVTTPS2UDQ, 4
VCVTTPS2UDQ_SAE, 4
VCVTTPS2UDQ_SAE_Z, 4
VCVTTPS2UDQ_Z, 4
VCVTTPS2UQQ, 4
VCVTTPS2UQQ_SAE, 4
VCVTTPS2UQQ_SAE_Z, 4
VCVTTPS2UQQ_Z, 4
VCVTTSD2SI, 7
VCVTTSD2SI_EVEX, 7
VCVTTSD2SI_EVEX_SAE, 7
VCVTTSD2USI, 7
VCVTTSD2USI_SAE, 7
VCVTTSH2SI, 8
VCVTTSH2SI_SAE, 8
VCVTTSH2USI, 8
VCVTTSH2USI_SAE, 8
VCVTTSS2SI, 8
VCVTTSS2SI_EVEX, 8
VCVTTSS2SI_EVEX_SAE, 8
VCVTTSS2USI, 8
VCVTTSS2USI_SAE, 8
VCVTUDQ2PD, 4
VCVTUDQ2PD_Z, 4
VCVTUDQ2PH, 3
VCVTUDQ2PH_ER, 5
VCVTUDQ2PH_ER_Z, 13
VCVTUDQ2PH_Z, 11
VCVTUDQ2PS, 4
VCVTUDQ2PS_ER, 4
VCVTUDQ2PS_ER_Z, 4
VCVTUDQ2PS_Z, 4
VCVTUQQ2PD, 4
VCVTUQQ2PD_ER, 4
VCVTUQQ2PD_ER_Z, 4
VCVTUQQ2PD_Z, 4
VCVTUQQ2PH, 3
VCVTUQQ2PH_ER, 5
VCVTUQQ2PH_ER_Z, 12
VCVTUQQ2PH_Z, 10
VCVTUQQ2PS, 1
VCVTUQQ2PS_ER, 3
VCVTUQQ2PS_ER_Z, 7
VCVTUQQ2PS_Z, 5
VCVTUSI2SD, 4
VCVTUSI2SD_ER, 4
VCVTUSI2SH, 2
VCVTUSI2SH_ER, 2
VCVTUSI2SS, 1
VCVTUSI2SS_ER, 1
VCVTUW2PH, 4
VCVTUW2PH_ER, 4
VCVTUW2PH_ER_Z, 5
VCVTUW2PH_Z, 5
VCVTW2PH, 4
VCVTW2PH_ER, 4
VCVTW2PH_ER_Z, 5
VCVTW2PH_Z, 5
VDBPSADBW, 3
VDBPSADBW_Z, 5
VDIVPD, 13
VDIVPD_ER, 22
VDIVPD_ER_Z, 22
VDIVPD_EVEX, 13
VDIVPD_Z, 13
VDIVPH, 31
VDIVPH_ER, 41
VDIVPH_ER_Z, 43
VDIVPH_Z, 33
VDIVPS, 11
VDIVPS_ER, 17
VDIVPS_ER_Z, 17
VDIVPS_EVEX, 11
VDIVPS_Z, 11
VDIVSD, 13
VDIVSD_ER, 13
VDIVSD_ER_Z, 13
VDIVSD_EVEX, 13
VDIVSD_EVEX_ER, 13
VDIVSD_Z, 13
VDIVSH, 14
VDIVSH_ER, 14
VDIVSH_ER_Z, 14
VDIVSH_Z, 14
VDIVSS, 11
VDIVSS_ER, 11
VDIVSS_ER_Z, 11
VDIVSS_EVEX, 11
VDIVSS_EVEX_ER, 11
VDIVSS_Z, 11
VDPBF16PS, 8
VDPBF16PS_Z, 8
VDPPD, 9
VDPPS, 14
VERR, 74
VERW, 74
VEXP2PD, 0
VEXP2PD_SAE, 0
VEXP2PD_SAE_Z, 0
VEXP2PD_Z, 0
VEXP2PS, 0
VEXP2PS_SAE, 0
VEXP2PS_SAE_Z, 0
VEXP2PS_Z, 0
VEXPANDPD, 3
VEXPANDPD_Z, 3
VEXPANDPS, 3
VEXPANDPS_Z, 3
VEXTRACTF128, 3
VEXTRACTF32X4, 3
VEXTRACTF32X4_Z, 3
VEXTRACTF32X8, 3
VEXTRACTF32X8_Z, 3
VEXTRACTF64X2, 3
VEXTRACTF64X2_Z, 3
VEXTRACTF64X4, 3
VEXTRACTF64X4_Z, 3
VEXTRACTI128, 3
VEXTRACTI32X4, 3
VEXTRACTI32X4_Z, 3
VEXTRACTI32X8, 3
VEXTRACTI32X8_Z, 3
VEXTRACTI64X2, 3
VEXTRACTI64X2_Z, 3
VEXTRACTI64X4, 3
VEXTRACTI64X4_Z, 3
VEXTRACTPS, 4
VEXTRACTPS_EVEX, 4
VFCMADDCPH, 8
VFCMADDCPH_ER, 8
VFCMADDCPH_ER_Z, 13
VFCMADDCPH_Z, 13
VFCMADDCSH, 8
VFCMADDCSH_ER, 8
VFCMADDCSH_ER_Z, 13
VFCMADDCSH_Z, 13
VFCMULCPH, 9
VFCMULCPH_ER, 9
VFCMULCPH_ER_Z, 14
VFCMULCPH_Z, 14
VFCMULCSH, 9
VFCMULCSH_ER, 9
VFCMULCSH_ER_Z, 14
VFCMULCSH_Z, 14
VFIXUPIMMPD, 4
VFIXUPIMMPD_SAE, 4
VFIXUPIMMPD_SAE_Z, 4
VFIXUPIMMPD_Z, 4
VFIXUPIMMPS, 4
VFIXUPIMMPS_SAE, 4
VFIXUPIMMPS_SAE_Z, 4
VFIXUPIMMPS_Z, 4
VFIXUPIMMSD, 4
VFIXUPIMMSD_SAE, 4
VFIXUPIMMSD_SAE_Z, 4
VFIXUPIMMSD_Z, 4
VFIXUPIMMSS, 4
VFIXUPIMMSS_SAE, 4
VFIXUPIMMSS_SAE_Z, 4
VFIXUPIMMSS_Z, 4
VFMADD132PD, 4
VFMADD132PD_ER, 4
VFMADD132PD_ER_Z, 4
VFMADD132PD_EVEX, 4
VFMADD132PD_Z, 4
VFMADD132PH, 4
VFMADD132PH_ER, 4
VFMADD132PH_ER_Z, 4
VFMADD132PH_Z, 4
VFMADD132PS, 4
VFMADD132PS_ER, 4
VFMADD132PS_ER_Z, 4
VFMADD132PS_EVEX, 4
VFMADD132PS_Z, 4
VFMADD132SD, 4
VFMADD132SD_ER, 4
VFMADD132SD_ER_Z, 4
VFMADD132SD_EVEX, 4
VFMADD132SD_EVEX_ER, 4
VFMADD132SD_Z, 4
VFMADD132SH, 4
VFMADD132SH_ER, 4
VFMADD132SH_ER_Z, 4
VFMADD132SH_Z, 4
VFMADD132SS, 4
VFMADD132SS_ER, 4
VFMADD132SS_ER_Z, 4
VFMADD132SS_EVEX, 4
VFMADD132SS_EVEX_ER, 4
VFMADD132SS_Z, 4
VFMADD213PD, 4
VFMADD213PD_ER, 4
VFMADD213PD_ER_Z, 4
VFMADD213PD_EVEX, 4
VFMADD213PD_Z, 4
VFMADD213PH, 4
VFMADD213PH_ER, 4
VFMADD213PH_ER_Z, 4
VFMADD213PH_Z, 4
VFMADD213PS, 4
VFMADD213PS_ER, 4
VFMADD213PS_ER_Z, 4
VFMADD213PS_EVEX, 4
VFMADD213PS_Z, 4
VFMADD213SD, 4
VFMADD213SD_ER, 4
VFMADD213SD_ER_Z, 4
VFMADD213SD_EVEX, 4
VFMADD213SD_EVEX_ER, 4
VFMADD213SD_Z, 4
VFMADD213SH, 4
VFMADD213SH_ER, 4
VFMADD213SH_ER_Z, 4
VFMADD213SH_Z, 4
VFMADD213SS, 4
VFMADD213SS_ER, 4
VFMADD213SS_ER_Z, 4
VFMADD213SS_EVEX, 4
VFMADD213SS_EVEX_ER, 4
VFMADD213SS_Z, 4
VFMADD231PD, 4
VFMADD231PD_ER, 4
VFMADD231PD_ER_Z, 4
VFMADD231PD_EVEX, 4
VFMADD231PD_Z, 4
VFMADD231PH, 4
VFMADD231PH_ER, 4
VFMADD231PH_ER_Z, 4
VFMADD231PH_Z, 4
VFMADD231PS, 4
VFMADD231PS_ER, 4
VFMADD231PS_ER_Z, 4
VFMADD231PS_EVEX, 4
VFMADD231PS_Z, 4
VFMADD231SD, 4
VFMADD231SD_ER, 4
VFMADD231SD_ER_Z, 4
VFMADD231SD_EVEX, 4
VFMADD231SD_EVEX_ER, 4
VFMADD231SD_Z, 4
VFMADD231SH, 4
VFMADD231SH_ER, 4
VFMADD231SH_ER_Z, 4
VFMADD231SH_Z, 4
VFMADD231SS, 4
VFMADD231SS_ER, 4
VFMADD231SS_ER_Z, 4
VFMADD231SS_EVEX, 4
VFMADD231SS_EVEX_ER, 4
VFMADD231SS_Z, 4
VFMADDCPH, 8
VFMADDCPH_ER, 8
VFMADDCPH_ER_Z, 13
VFMADDCPH_Z, 13
VFMADDCSH, 8
VFMADDCSH_ER, 8
VFMADDCSH_ER_Z, 13
VFMADDCSH_Z, 13
VFMADDPD, 0
VFMADDPS, 0
VFMADDSD, 0
VFMADDSS, 0
VFMADDSUB132PD, 4
VFMADDSUB132PD_ER, 4
VFMADDSUB132PD_ER_Z, 4
VFMADDSUB132PD_EVEX, 4
VFMADDSUB132PD_Z, 4
VFMADDSUB132PH, 4
VFMADDSUB132PH_ER, 4
VFMADDSUB132PH_ER_Z, 4
VFMADDSUB132PH_Z, 4
VFMADDSUB132PS, 4
VFMADDSUB132PS_ER, 4
VFMADDSUB132PS_ER_Z, 4
VFMADDSUB132PS_EVEX, 4
VFMADDSUB132PS_Z, 4
VFMADDSUB213PD, 4
VFMADDSUB213PD_ER, 4
VFMADDSUB213PD_ER_Z, 4
VFMADDSUB213PD_EVEX, 4
VFMADDSUB213PD_Z, 4
VFMADDSUB213PH, 4
VFMADDSUB213PH_ER, 4
VFMADDSUB213PH_ER_Z, 4
VFMADDSUB213PH_Z, 4
VFMADDSUB213PS, 4
VFMADDSUB213PS_ER, 4
VFMADDSUB213PS_ER_Z, 4
VFMADDSUB213PS_EVEX, 4
VFMADDSUB213PS_Z, 4
VFMADDSUB231PD, 4
VFMADDSUB231PD_ER, 4
VFMADDSUB231PD_ER_Z, 4
VFMADDSUB231PD_EVEX, 4
VFMADDSUB231PD_Z, 4
VFMADDSUB231PH, 4
VFMADDSUB231PH_ER, 4
VFMADDSUB231PH_ER_Z, 4
VFMADDSUB231PH_Z, 4
VFMADDSUB231PS, 4
VFMADDSUB231PS_ER, 4
VFMADDSUB231PS_ER_Z, 4
VFMADDSUB231PS_EVEX, 4
VFMADDSUB231PS_Z, 4
VFMADDSUBPD, 0
VFMADDSUBPS, 0
VFMSUB132PD, 4
VFMSUB132PD_ER, 4
VFMSUB132PD_ER_Z, 4
VFMSUB132PD_EVEX, 4
VFMSUB132PD_Z, 4
VFMSUB132PH, 4
VFMSUB132PH_ER, 4
VFMSUB132PH_ER_Z, 4
VFMSUB132PH_Z, 4
VFMSUB132PS, 4
VFMSUB132PS_ER, 4
VFMSUB132PS_ER_Z, 4
VFMSUB132PS_EVEX, 4
VFMSUB132PS_Z, 4
VFMSUB132SD, 4
VFMSUB132SD_ER, 4
VFMSUB132SD_ER_Z, 4
VFMSUB132SD_EVEX, 4
VFMSUB132SD_EVEX_ER, 4
VFMSUB132SD_Z, 4
VFMSUB132SH, 4
VFMSUB132SH_ER, 4
VFMSUB132SH_ER_Z, 4
VFMSUB132SH_Z, 4
VFMSUB132SS, 4
VFMSUB132SS_ER, 4
VFMSUB132SS_ER_Z, 4
VFMSUB132SS_EVEX, 4
VFMSUB132SS_EVEX_ER, 4
VFMSUB132SS_Z, 4
VFMSUB213PD, 4
VFMSUB213PD_ER, 4
VFMSUB213PD_ER_Z, 4
VFMSUB213PD_EVEX, 4
VFMSUB213PD_Z, 4
VFMSUB213PH, 4
VFMSUB213PH_ER, 4
VFMSUB213PH_ER_Z, 4
VFMSUB213PH_Z, 4
VFMSUB213PS, 4
VFMSUB213PS_ER, 4
VFMSUB213PS_ER_Z, 4
VFMSUB213PS_EVEX, 4
VFMSUB213PS_Z, 4
VFMSUB213SD, 4
VFMSUB213SD_ER, 4
VFMSUB213SD_ER_Z, 4
VFMSUB213SD_EVEX, 4
VFMSUB213SD_EVEX_ER, 4
VFMSUB213SD_Z, 4
VFMSUB213SH, 4
VFMSUB213SH_ER, 4
VFMSUB213SH_ER_Z, 4
VFMSUB213SH_Z, 4
VFMSUB213SS, 4
VFMSUB213SS_ER, 4
VFMSUB213SS_ER_Z, 4
VFMSUB213SS_EVEX, 4
VFMSUB213SS_EVEX_ER, 4
VFMSUB213SS_Z, 4
VFMSUB231PD, 4
VFMSUB231PD_ER, 4
VFMSUB231PD_ER_Z, 4
VFMSUB231PD_EVEX, 4
VFMSUB231PD_Z, 4
VFMSUB231PH, 4
VFMSUB231PH_ER, 4
VFMSUB231PH_ER_Z, 4
VFMSUB231PH_Z, 4
VFMSUB231PS, 4
VFMSUB231PS_ER, 4
VFMSUB231PS_ER_Z, 4
VFMSUB231PS_EVEX, 4
VFMSUB231PS_Z, 4
VFMSUB231SD, 4
VFMSUB231SD_ER, 4
VFMSUB231SD_ER_Z, 4
VFMSUB231SD_EVEX, 4
VFMSUB231SD_EVEX_ER, 4
VFMSUB231SD_Z, 4
VFMSUB231SH, 4
VFMSUB231SH_ER, 4
VFMSUB231SH_ER_Z, 4
VFMSUB231SH_Z, 4
VFMSUB231SS, 4
VFMSUB231SS_ER, 4
VFMSUB231SS_ER_Z, 4
VFMSUB231SS_EVEX, 4
VFMSUB231SS_EVEX_ER, 4
VFMSUB231SS_Z, 4
VFMSUBADD132PD, 4
VFMSUBADD132PD_ER, 4
VFMSUBADD132PD_ER_Z, 4
VFMSUBADD132PD_EVEX, 4
VFMSUBADD132PD_Z, 4
VFMSUBADD132PH, 4
VFMSUBADD132PH_ER, 4
VFMSUBADD132PH_ER_Z, 4
VFMSUBADD132PH_Z, 4
VFMSUBADD132PS, 4
VFMSUBADD132PS_ER, 4
VFMSUBADD132PS_ER_Z, 4
VFMSUBADD132PS_EVEX, 4
VFMSUBADD132PS_Z, 4
VFMSUBADD213PD, 4
VFMSUBADD213PD_ER, 4
VFMSUBADD213PD_ER_Z, 4
VFMSUBADD213PD_EVEX, 4
VFMSUBADD213PD_Z, 4
VFMSUBADD213PH, 4
VFMSUBADD213PH_ER, 4
VFMSUBADD213PH_ER_Z, 4
VFMSUBADD213PH_Z, 4
VFMSUBADD213PS, 4
VFMSUBADD213PS_ER, 4
VFMSUBADD213PS_ER_Z, 4
VFMSUBADD213PS_EVEX, 4
VFMSUBADD213PS_Z, 4
VFMSUBADD231PD, 4
VFMSUBADD231PD_ER, 4
VFMSUBADD231PD_ER_Z, 4
VFMSUBADD231PD_EVEX, 4
VFMSUBADD231PD_Z, 4
VFMSUBADD231PH, 4
VFMSUBADD231PH_ER, 4
VFMSUBADD231PH_ER_Z, 4
VFMSUBADD231PH_Z, 4
VFMSUBADD231PS, 4
VFMSUBADD231PS_ER, 4
VFMSUBADD231PS_ER_Z, 4
VFMSUBADD231PS_EVEX, 4
VFMSUBADD231PS_Z, 4
VFMSUBADDPD, 0
VFMSUBADDPS, 0
VFMSUBPD, 0
VFMSUBPS, 0
VFMSUBSD, 0
VFMSUBSS, 0
VFMULCPH, 9
VFMULCPH_ER, 9
VFMULCPH_ER_Z, 14
VFMULCPH_Z, 14
VFMULCSH, 9
VFMULCSH_ER, 9
VFMULCSH_ER_Z, 14
VFMULCSH_Z, 14
VFNMADD132PD, 4
VFNMADD132PD_ER, 4
VFNMADD132PD_ER_Z, 4
VFNMADD132PD_EVEX, 4
VFNMADD132PD_Z, 4
VFNMADD132PH, 4
VFNMADD132PH_ER, 4
VFNMADD132PH_ER_Z, 4
VFNMADD132PH_Z, 4
VFNMADD132PS, 4
VFNMADD132PS_ER, 4
VFNMADD132PS_ER_Z, 4
VFNMADD132PS_EVEX, 4
VFNMADD132PS_Z, 4
VFNMADD132SD, 4
VFNMADD132SD_ER, 4
VFNMADD132SD_ER_Z, 4
VFNMADD132SD_EVEX, 4
VFNMADD132SD_EVEX_ER, 4
VFNMADD132SD_Z, 4
VFNMADD132SH, 4
VFNMADD132SH_ER, 4
VFNMADD132SH_ER_Z, 4
VFNMADD132SH_Z, 4
VFNMADD132SS, 4
VFNMADD132SS_ER, 4
VFNMADD132SS_ER_Z, 4
VFNMADD132SS_EVEX, 4
VFNMADD132SS_EVEX_ER, 4
VFNMADD132SS_Z, 4
VFNMADD213PD, 4
VFNMADD213PD_ER, 4
VFNMADD213PD_ER_Z, 4
VFNMADD213PD_EVEX, 4
VFNMADD213PD_Z, 4
VFNMADD213PH, 4
VFNMADD213PH_ER, 4
VFNMADD213PH_ER_Z, 4
VFNMADD213PH_Z, 4
VFNMADD213PS, 4
VFNMADD213PS_ER, 4
VFNMADD213PS_ER_Z, 4
VFNMADD213PS_EVEX, 4
VFNMADD213PS_Z, 4
VFNMADD213SD, 4
VFNMADD213SD_ER, 4
VFNMADD213SD_ER_Z, 4
VFNMADD213SD_EVEX, 4
VFNMADD213SD_EVEX_ER, 4
VFNMADD213SD_Z, 4
VFNMADD213SH, 4
VFNMADD213SH_ER, 4
VFNMADD213SH_ER_Z, 4
VFNMADD213SH_Z, 4
VFNMADD213SS, 4
VFNMADD213SS_ER, 4
VFNMADD213SS_ER_Z, 4
VFNMADD213SS_EVEX, 4
VFNMADD213SS_EVEX_ER, 4
VFNMADD213SS_Z, 4
VFNMADD231PD, 4
VFNMADD231PD_ER, 4
VFNMADD231PD_ER_Z, 4
VFNMADD231PD_EVEX, 4
VFNMADD231PD_Z, 4
VFNMADD231PH, 4
VFNMADD231PH_ER, 4
VFNMADD231PH_ER_Z, 4
VFNMADD231PH_Z, 4
VFNMADD231PS, 4
VFNMADD231PS_ER, 4
VFNMADD231PS_ER_Z, 4
VFNMADD231PS_EVEX, 4
VFNMADD231PS_Z, 4
VFNMADD231SD, 4
VFNMADD231SD_ER, 4
VFNMADD231SD_ER_Z, 4
VFNMADD231SD_EVEX, 4
VFNMADD231SD_EVEX_ER, 4
VFNMADD231SD_Z, 4
VFNMADD231SH, 4
VFNMADD231SH_ER, 4
VFNMADD231SH_ER_Z, 4
VFNMADD231SH_Z, 4
VFNMADD231SS, 4
VFNMADD231SS_ER, 4
VFNMADD231SS_ER_Z, 4
VFNMADD231SS_EVEX, 4
VFNMADD231SS_EVEX_ER, 4
VFNMADD231SS_Z, 4
VFNMADDPD, 0
VFNMADDPS, 0
VFNMADDSD, 0
VFNMADDSS, 0
VFNMSUB132PD, 4
VFNMSUB132PD_ER, 4
VFNMSUB132PD_ER_Z, 4
VFNMSUB132PD_EVEX, 4
VFNMSUB132PD_Z, 4
VFNMSUB132PH, 4
VFNMSUB132PH_ER, 4
VFNMSUB132PH_ER_Z, 4
VFNMSUB132PH_Z, 4
VFNMSUB132PS, 4
VFNMSUB132PS_ER, 4
VFNMSUB132PS_ER_Z, 4
VFNMSUB132PS_EVEX, 4
VFNMSUB132PS_Z, 4
VFNMSUB132SD, 4
VFNMSUB132SD_ER, 4
VFNMSUB132SD_ER_Z, 4
VFNMSUB132SD_EVEX, 4
VFNMSUB132SD_EVEX_ER, 4
VFNMSUB132SD_Z, 4
VFNMSUB132SH, 4
VFNMSUB132SH_ER, 4
VFNMSUB132SH_ER_Z, 4
VFNMSUB132SH_Z, 4
VFNMSUB132SS, 4
VFNMSUB132SS_ER, 4
VFNMSUB132SS_ER_Z, 4
VFNMSUB132SS_EVEX, 4
VFNMSUB132SS_EVEX_ER, 4
VFNMSUB132SS_Z, 4
VFNMSUB213PD, 4
VFNMSUB213PD_ER, 4
VFNMSUB213PD_ER_Z, 4
VFNMSUB213PD_EVEX, 4
VFNMSUB213PD_Z, 4
VFNMSUB213PH, 4
VFNMSUB213PH_ER, 4
VFNMSUB213PH_ER_Z, 4
VFNMSUB213PH_Z, 4
VFNMSUB213PS, 4
VFNMSUB213PS_ER, 4
VFNMSUB213PS_ER_Z, 4
VFNMSUB213PS_EVEX, 4
VFNMSUB213PS_Z, 4
VFNMSUB213SD, 4
VFNMSUB213SD_ER, 4
VFNMSUB213SD_ER_Z, 4
VFNMSUB213SD_EVEX, 4
VFNMSUB213SD_EVEX_ER, 4
VFNMSUB213SD_Z, 4
VFNMSUB213SH, 4
VFNMSUB213SH_ER, 4
VFNMSUB213SH_ER_Z, 4
VFNMSUB213SH_Z, 4
VFNMSUB213SS, 4
VFNMSUB213SS_ER, 4
VFNMSUB213SS_ER_Z, 4
VFNMSUB213SS_EVEX, 4
VFNMSUB213SS_EVEX_ER, 4
VFNMSUB213SS_Z, 4
VFNMSUB231PD, 4
VFNMSUB231PD_ER, 4
VFNMSUB231PD_ER_Z, 4
VFNMSUB231PD_EVEX, 4
VFNMSUB231PD_Z, 4
VFNMSUB231PH, 4
VFNMSUB231PH_ER, 4
VFNMSUB231PH_ER_Z, 4
VFNMSUB231PH_Z, 4
VFNMSUB231PS, 4
VFNMSUB231PS_ER, 4
VFNMSUB231PS_ER_Z, 4
VFNMSUB231PS_EVEX, 4
VFNMSUB231PS_Z, 4
VFNMSUB231SD, 4
VFNMSUB231SD_ER, 4
VFNMSUB231SD_ER_Z, 4
VFNMSUB231SD_EVEX, 4
VFNMSUB231SD_EVEX_ER, 4
VFNMSUB231SD_Z, 4
VFNMSUB231SH, 4
VFNMSUB231SH_ER, 4
VFNMSUB231SH_ER_Z, 4
VFNMSUB231SH_Z, 4
VFNMSUB231SS, 4
VFNMSUB231SS_ER, 4
VFNMSUB231SS_ER_Z, 4
VFNMSUB231SS_EVEX, 4
VFNMSUB231SS_EVEX_ER, 4
VFNMSUB231SS_Z, 4
VFNMSUBPD, 0
VFNMSUBPS, 0
VFNMSUBSD, 0
VFNMSUBSS, 0
VFPCLASSPD, 0
VFPCLASSPH, 0
VFPCLASSPS, 0
VFPCLASSSD, 0
VFPCLASSSH, 0
VFPCLASSSS, 0
VGATHERDPD, 0
VGATHERDPS, 0
VGATHERPF0DPD, 0
VGATHERPF0DPS, 0
VGATHERPF0QPD, 0
VGATHERPF0QPS, 0
VGATHERPF1DPD, 0
VGATHERPF1DPS, 0
VGATHERPF1QPD, 0
VGATHERPF1QPS, 0
VGATHERQPD, 0
VGATHERQPS, 0
VGETEXPPD, 4
VGETEXPPD_SAE, 4
VGETEXPPD_SAE_Z, 4
VGETEXPPD_Z, 4
VGETEXPPH, 4
VGETEXPPH_SAE, 4
VGETEXPPH_SAE_Z, 5
VGETEXPPH_Z, 5
VGETEXPPS, 4
VGETEXPPS_SAE, 4
VGETEXPPS_SAE_Z, 4
VGETEXPPS_Z, 4
VGETEXPSD, 4
VGETEXPSD_SAE, 4
VGETEXPSD_SAE_Z, 4
VGETEXPSD_Z, 4
VGETEXPSH, 4
VGETEXPSH_SAE, 4
VGETEXPSH_SAE_Z, 5
VGETEXPSH_Z, 5
VGETEXPSS, 4
VGETEXPSS_SAE, 4
VGETEXPSS_SAE_Z, 4
VGETEXPSS_Z, 4
VGETMANTPD, 4
VGETMANTPD_SAE, 4
VGETMANTPD_SAE_Z, 4
VGETMANTPD_Z, 4
VGETMANTPH, 4
VGETMANTPH_SAE, 4
VGETMANTPH_SAE_Z, 5
VGETMANTPH_Z, 5
VGETMANTPS, 4
VGETMANTPS_SAE, 4
VGETMANTPS_SAE_Z, 4
VGETMANTPS_Z, 4
VGETMANTSD, 4
VGETMANTSD_SAE, 4
VGETMANTSD_SAE_Z, 4
VGETMANTSD_Z, 4
VGETMANTSH, 4
VGETMANTSH_SAE, 4
VGETMANTSH_SAE_Z, 5
VGETMANTSH_Z, 5
VGETMANTSS, 4
VGETMANTSS_SAE, 4
VGETMANTSS_SAE_Z, 4
VGETMANTSS_Z, 4
VGF2P8AFFINEINVQB, 5
VGF2P8AFFINEINVQB_EVEX, 5
VGF2P8AFFINEINVQB_Z, 9
VGF2P8AFFINEQB, 5
VGF2P8AFFINEQB_EVEX, 5
VGF2P8AFFINEQB_Z, 9
VGF2P8MULB, 5
VGF2P8MULB_EVEX, 5
VGF2P8MULB_Z, 9
VHADDPD, 5
VHADDPS, 5
VHSUBPD, 5
VHSUBPS, 5
VINSERTF128, 1
VINSERTF32X4, 1
VINSERTF32X4_Z, 1
VINSERTF32X8, 1
VINSERTF32X8_Z, 1
VINSERTF64X2, 1
VINSERTF64X2_Z, 1
VINSERTF64X4, 1
VINSERTF64X4_Z, 1
VINSERTI128, 1
VINSERTI32X4, 1
VINSERTI32X4_Z, 1
VINSERTI32X8, 1
VINSERTI32X8_Z, 1
VINSERTI64X2, 1
VINSERTI64X2_Z, 1
VINSERTI64X4, 1
VINSERTI64X4_Z, 1
VINSERTPS, 1
VINSERTPS_EVEX, 1
VLDDQU, 4
VLDMXCSR, 0
VMASKMOVDQU, 10
VMASKMOVPD, 1
VMASKMOVPS, 1
VMAXPD, 4
VMAXPD_EVEX, 4
VMAXPD_SAE, 4
VMAXPD_SAE_Z, 4
VMAXPD_Z, 4
VMAXPH, 4
VMAXPH_SAE, 4
VMAXPH_SAE_Z, 5
VMAXPH_Z, 5
VMAXPS, 4
VMAXPS_EVEX, 4
VMAXPS_SAE, 4
VMAXPS_SAE_Z, 4
VMAXPS_Z, 4
VMAXSD, 4
VMAXSD_EVEX, 4
VMAXSD_EVEX_SAE, 4
VMAXSD_SAE, 4
VMAXSD_SAE_Z, 4
VMAXSD_Z, 4
VMAXSH, 4
VMAXSH_SAE, 4
VMAXSH_SAE_Z, 5
VMAXSH_Z, 5
VMAXSS, 4
VMAXSS_EVEX, 4
VMAXSS_EVEX_SAE, 4
VMAXSS_SAE, 4
VMAXSS_SAE_Z, 4
VMCALL, 0
VMAXSS_Z, 4
VMFUNC, 0
VMCLEAR, 0
VMINPD, 4
VMINPD_EVEX, 4
VMINPD_SAE, 4
VMINPD_SAE_Z, 4
VMINPD_Z, 4
VMINPH, 4
VMINPH_SAE, 4
VMINPH_SAE_Z, 5
VMINPH_Z, 5
VMINPS, 4
VMINPS_EVEX, 4
VMINPS_SAE, 4
VMINPS_SAE_Z, 4
VMINPS_Z, 4
VMINSD, 4
VMINSD_EVEX, 4
VMINSD_EVEX_SAE, 4
VMINSD_SAE, 4
VMINSD_SAE_Z, 4
VMINSD_Z, 4
VMINSH, 4
VMINSH_SAE, 4
VMINSH_SAE_Z, 5
VMINSH_Z, 5
VMINSS, 4
VMINSS_EVEX, 4
VMINSS_EVEX_SAE, 4
VMINSS_SAE, 4
VMINSS_SAE_Z, 4
VMLAUNCH, 0
VMINSS_Z, 4
VMMCALL, 0
VMLOAD, 0
VMOVAPD, 0
VMOVAPD_28, 0
VMOVAPD_29, 0
VMOVAPD_EVEX, 0
VMOVAPD_Z, 1
VMOVAPS, 0
VMOVAPS_28, 0
VMOVAPS_29, 0
VMOVAPS_EVEX, 0
VMOVAPS_Z, 1
VMOVD, 3
VMOVD_EVEX, 3
VMOVDDUP, 1
VMOVDDUP_EVEX, 1
VMOVDDUP_Z, 1
VMOVDQA, 4
VMOVDQA_6F, 0
VMOVDQA_7F, 0
VMOVDQA32, 0
VMOVDQA32_Z, 1
VMOVDQA64, 0
VMOVDQA64_Z, 1
VMOVDQU, 4
VMOVDQU_6F, 0
VMOVDQU_7F, 0
VMOVDQU16, 0
VMOVDQU16_Z, 3
VMOVDQU32, 0
VMOVDQU32_Z, 1
VMOVDQU64, 0
VMOVDQU64_Z, 1
VMOVDQU8, 0
VMOVDQU8_Z, 3
VMOVHLPS, 1
VMOVHLPS_EVEX, 1
VMOVHPD, 1
VMOVHPD_EVEX, 1
VMOVHPS, 1
VMOVHPS_EVEX, 1
VMOVLHPS, 1
VMOVLHPS_EVEX, 1
VMOVLPD, 1
VMOVLPD_EVEX, 1
VMOVLPS, 1
VMOVLPS_EVEX, 1
VMOVMSKPD, 5
VMOVMSKPS, 5
VMOVNTDQ, 473
VMOVNTDQ_EVEX, 470
VMOVNTDQA, 4
VMOVNTDQA_EVEX, 4
VMOVNTPD, 474
VMOVNTPD_EVEX, 473
VMOVNTPS, 474
VMOVNTPS_EVEX, 474
VMOVQ, 3
VMOVQ_7E, 1
VMOVQ_D6, 1
VMOVQ_EVEX, 3
VMOVSD, 1
VMOVSD_10, 1
VMOVSD_11, 1
VMOVSD_EVEX, 1
VMOVSD_Z, 1
VMOVSH, 1
VMOVSH_Z, 3
VMOVSHDUP, 1
VMOVSHDUP_EVEX, 1
VMOVSHDUP_Z, 1
VMOVSLDUP, 1
VMOVSLDUP_EVEX, 1
VMOVSLDUP_Z, 1
VMOVSS, 1
VMOVSS_10, 1
VMOVSS_11, 1
VMOVSS_EVEX, 1
VMOVSS_Z, 1
VMOVUPD, 0
VMOVUPD_10, 0
VMOVUPD_11, 0
VMOVUPD_EVEX, 0
VMOVUPD_Z, 1
VMOVUPS, 0
VMOVUPS_10, 0
VMOVUPS_11, 0
VMOVUPS_EVEX, 0
VMOVUPS_Z, 1
VMOVW, 3
VMPSADBW, 3
VMPTRLD, 0
VMPTRST, 0
VMRESUME, 0
VMREAD, 0
VMSAVE, 0
VMRUN, 0
VMULPD, 4
VMULPD_ER, 4
VMULPD_ER_Z, 4
VMULPD_EVEX, 4
VMULPD_Z, 4
VMULPH, 4
VMULPH_ER, 4
VMULPH_ER_Z, 5
VMULPH_Z, 5
VMULPS, 4
VMULPS_ER, 4
VMULPS_ER_Z, 4
VMULPS_EVEX, 4
VMULPS_Z, 4
VMULSD, 4
VMULSD_ER, 4
VMULSD_ER_Z, 4
VMULSD_EVEX, 4
VMULSD_EVEX_ER, 4
VMULSD_Z, 4
VMULSH, 4
VMULSH_ER, 4
VMULSH_ER_Z, 5
VMULSH_Z, 5
VMULSS, 4
VMULSS_ER, 4
VMULSS_ER_Z, 4
VMULSS_EVEX, 4
VMULSS_EVEX_ER, 4
VMULSS_Z, 4
VMXOFF, 0
VMWRITE, 0
VMXON, 0
VORPD, 1
VORPD_EVEX, 1
VORPD_Z, 1
VORPS, 1
VORPS_EVEX, 1
VORPS_Z, 1
VP2INTERSECTD, 10
VP2INTERSECTQ, 6
VP4DPWSSD, 0
VP4DPWSSD_Z, 0
VP4DPWSSDS, 0
VP4DPWSSDS_Z, 0
VPABSB, 1
VPABSB_EVEX, 1
VPABSB_Z, 3
VPABSD, 1
VPABSD_EVEX, 1
VPABSD_Z, 1
VPABSQ, 1
VPABSQ_Z, 1
VPABSW, 1
VPABSW_EVEX, 1
VPABSW_Z, 3
VPACKSSDW, 3
VPACKSSDW_EVEX, 3
VPACKSSDW_Z, 5
VPACKSSWB, 3
VPACKSSWB_EVEX, 3
VPACKSSWB_Z, 5
VPACKUSDW, 3
VPACKUSDW_EVEX, 3
VPACKUSDW_Z, 5
VPACKUSWB, 3
VPACKUSWB_EVEX, 3
VPACKUSWB_Z, 5
VPADDB, 1
VPADDB_EVEX, 1
VPADDB_Z, 3
VPADDD, 1
VPADDD_EVEX, 1
VPADDD_Z, 1
VPADDQ, 1
VPADDQ_EVEX, 1
VPADDQ_Z, 1
VPADDSB, 1
VPADDSB_EVEX, 1
VPADDSB_Z, 3
VPADDSW, 1
VPADDSW_EVEX, 1
VPADDSW_Z, 3
VPADDUSB, 1
VPADDUSB_EVEX, 1
VPADDUSB_Z, 3
VPADDUSW, 1
VPADDUSW_EVEX, 1
VPADDUSW_Z, 3
VPADDW, 1
VPADDW_EVEX, 1
VPADDW_Z, 3
VPALIGNR, 1
VPALIGNR_EVEX, 1
VPALIGNR_Z, 3
VPAND, 1
VPANDD, 1
VPANDD_Z, 1
VPANDN, 1
VPANDND, 1
VPANDND_Z, 1
VPANDNQ, 1
VPANDNQ_Z, 1
VPANDQ, 1
VPANDQ_Z, 1
VPAVGB, 1
VPAVGB_EVEX, 1
VPAVGB_Z, 3
VPAVGW, 1
VPAVGW_EVEX, 1
VPAVGW_Z, 3
VPBLENDD, 1
VPBLENDMB, 0
VPBLENDMB_Z, 3
VPBLENDMD, 0
VPBLENDMD_Z, 1
VPBLENDMQ, 0
VPBLENDMQ_Z, 1
VPBLENDMW, 0
VPBLENDMW_Z, 3
VPBLENDVB, 2
VPBLENDW, 1
VPBROADCASTB, 5
VPBROADCASTB_EVEX, 5
VPBROADCASTB_Z, 3
VPBROADCASTD, 5
VPBROADCASTD_EVEX, 5
VPBROADCASTD_Z, 1
VPBROADCASTMB2Q, 6
VPBROADCASTMW2D, 6
VPBROADCASTQ, 5
VPBROADCASTQ_EVEX, 5
VPBROADCASTQ_Z, 1
VPBROADCASTW, 5
VPBROADCASTW_EVEX, 5
VPBROADCASTW_Z, 3
VPCLMULQDQ, 3
VPCLMULQDQ_EVEX, 3
VPCMPB, 3
VPCMPD, 3
VPCMPEQB, 1
VPCMPEQB_EVEX, 3
VPCMPEQD, 1
VPCMPEQD_EVEX, 3
VPCMPEQQ, 1
VPCMPEQQ_EVEX, 3
VPCMPEQW, 1
VPCMPEQW_EVEX, 3
VPCMPESTRI, 12
VPCMPESTRI64, 12
VPCMPESTRM, 11
VPCMPESTRM64, 11
VPCMPGTB, 0
VPCMPGTB_EVEX, 0
VPCMPGTD, 0
VPCMPGTD_EVEX, 0
VPCMPGTQ, 0
VPCMPGTQ_EVEX, 0
VPCMPGTW, 0
VPCMPGTW_EVEX, 0
VPCMPISTRI, 11
VPCMPISTRM, 8
VPCMPQ, 3
VPCMPUB, 3
VPCMPUD, 3
VPCMPUQ, 3
VPCMPUW, 3
VPCMPW, 3
VPCOMPRESSB, 3
VPCOMPRESSB_Z, 3
VPCOMPRESSD, 3
VPCOMPRESSD_Z, 3
VPCOMPRESSQ, 3
VPCOMPRESSQ_Z, 3
VPCOMPRESSW, 3
VPCOMPRESSW_Z, 3
VPCONFLICTD, 3
VPCONFLICTD_Z, 3
VPCONFLICTQ, 1
VPCONFLICTQ_Z, 1
VPDPBSSD, 0
VPDPBSSDS, 0
VPDPBSUD, 0
VPDPBSUDS, 0
VPDPBUSD, 4
VPDPBUSD_EVEX, 5
VPDPBUSD_VEX, 5
VPDPBUSD_Z, 4
VPDPBUSDS, 4
VPDPBUSDS_EVEX, 5
VPDPBUSDS_VEX, 5
VPDPBUSDS_Z, 4
VPDPBUUD, 0
VPDPBUUDS, 0
VPDPWSSD, 4
VPDPWSSD_EVEX, 5
VPDPWSSD_VEX, 5
VPDPWSSD_Z, 4
VPDPWSSDS, 4
VPDPWSSDS_EVEX, 5
VPDPWSSDS_VEX, 5
VPDPWSSDS_Z, 4
VPERM2F128, 3
VPERM2I128, 3
VPERMB, 3
VPERMB_Z, 5
VPERMD, 3
VPERMD_EVEX, 3
VPERMD_Z, 3
VPERMI2B, 3
VPERMI2B_Z, 3
VPERMI2D, 3
VPERMI2D_Z, 3
VPERMI2PD, 3
VPERMI2PD_Z, 3
VPERMI2PS, 3
VPERMI2PS_Z, 3
VPERMI2Q, 3
VPERMI2Q_Z, 3
VPERMI2W, 3
VPERMI2W_Z, 3
VPERMILPD, 1
VPERMILPD_EVEX, 1
VPERMILPD_Z, 1
VPERMILPS, 1
VPERMILPS_EVEX, 1
VPERMILPS_Z, 1
VPERMPD, 3
VPERMPD_EVEX, 3
VPERMPD_Z, 3
VPERMPS, 3
VPERMPS_EVEX, 3
VPERMPS_Z, 3
VPERMQ, 3
VPERMQ_EVEX, 3
VPERMQ_Z, 3
VPERMT2B, 3
VPERMT2B_Z, 3
VPERMT2D, 3
VPERMT2D_Z, 3
VPERMT2PD, 3
VPERMT2PD_Z, 3
VPERMT2PS, 3
VPERMT2PS_Z, 3
VPERMT2Q, 3
VPERMT2Q_Z, 3
VPERMT2W, 5
VPERMT2W_Z, 5
VPERMW, 3
VPERMW_Z, 5
VPEXPANDB, 3
VPEXPANDB_Z, 5
VPEXPANDD, 3
VPEXPANDD_Z, 3
VPEXPANDQ, 3
VPEXPANDQ_Z, 3
VPEXPANDW, 3
VPEXPANDW_Z, 5
VPEXTRB, 4
VPEXTRB_EVEX, 4
VPEXTRD, 4
VPEXTRD_EVEX, 4
VPEXTRQ, 4
VPEXTRQ_EVEX, 4
VPEXTRW, 4
VPEXTRW_C5_EVEX, 4
VPEXTRW_EVEX, 12
VPGATHERDD, 0
VPGATHERDQ, 0
VPGATHERQD, 0
VPGATHERQQ, 0
VPHADDD, 2
VPHADDSW, 2
VPHADDW, 2
VPHMINPOSUW, 4
VPHSUBD, 2
VPHSUBSW, 2
VPHSUBW, 2
VPINSRB, 1
VPINSRB_EVEX, 1
VPINSRD, 1
VPINSRD_EVEX, 1
VPINSRQ, 1
VPINSRQ_EVEX, 1
VPINSRW, 1
VPINSRW_EVEX, 1
VPLZCNTD, 4
VPLZCNTD_Z, 4
VPLZCNTQ, 4
VPLZCNTQ_Z, 4
VPMADD52HUQ, 4
VPMADD52HUQ_EVEX, 4
VPMADD52HUQ_VEX, 0
VPMADD52HUQ_Z, 4
VPMADD52LUQ, 4
VPMADD52LUQ_EVEX, 4
VPMADD52LUQ_VEX, 0
VPMADD52LUQ_Z, 4
VPMADDUBSW, 5
VPMADDUBSW_EVEX, 5
VPMADDUBSW_Z, 7
VPMADDWD, 4
VPMADDWD_EVEX, 5
VPMADDWD_Z, 5
VPMASKMOVD, 1
VPMASKMOVQ, 1
VPMAXSB, 1
VPMAXSB_EVEX, 1
VPMAXSB_Z, 3
VPMAXSD, 1
VPMAXSD_EVEX, 1
VPMAXSD_Z, 1
VPMAXSQ, 3
VPMAXSQ_Z, 3
VPMAXSW, 1
VPMAXSW_EVEX, 1
VPMAXSW_Z, 3
VPMAXUB, 1
VPMAXUB_EVEX, 1
VPMAXUB_Z, 3
VPMAXUD, 1
VPMAXUD_EVEX, 1
VPMAXUD_Z, 1
VPMAXUQ, 3
VPMAXUQ_Z, 3
VPMAXUW, 1
VPMAXUW_EVEX, 1
VPMAXUW_Z, 3
VPMINSB, 1
VPMINSB_EVEX, 1
VPMINSB_Z, 3
VPMINSD, 1
VPMINSD_EVEX, 1
VPMINSD_Z, 1
VPMINSQ, 3
VPMINSQ_Z, 3
VPMINSW, 1
VPMINSW_EVEX, 1
VPMINSW_Z, 3
VPMINUB, 1
VPMINUB_EVEX, 1
VPMINUB_Z, 3
VPMINUD, 1
VPMINUD_EVEX, 1
VPMINUD_Z, 1
VPMINUQ, 3
VPMINUQ_Z, 3
VPMINUW, 1
VPMINUW_EVEX, 1
VPMINUW_Z, 3
VPMOVB2M, 3
VPMOVD2M, 3
VPMOVDB, 2
VPMOVDB_Z, 3
VPMOVDW, 2
VPMOVDW_Z, 3
VPMOVM2B, 3
VPMOVM2D, 1
VPMOVM2Q, 1
VPMOVM2W, 3
VPMOVMSKB, 4
VPMOVQ2M, 3
VPMOVQB, 2
VPMOVQB_Z, 3
VPMOVQD, 1
VPMOVQD_Z, 1
VPMOVQW, 2
VPMOVQW_Z, 3
VPMOVSDB, 2
VPMOVSDB_Z, 3
VPMOVSDW, 2
VPMOVSDW_Z, 3
VPMOVSQB, 2
VPMOVSQB_Z, 3
VPMOVSQD, 1
VPMOVSQD_Z, 1
VPMOVSQW, 2
VPMOVSQW_Z, 3
VPMOVSWB, 2
VPMOVSWB_Z, 3
VPMOVSXBD, 1
VPMOVSXBD_EVEX, 1
VPMOVSXBD_Z, 1
VPMOVSXBQ, 1
VPMOVSXBQ_EVEX, 1
VPMOVSXBQ_Z, 1
VPMOVSXBW, 1
VPMOVSXBW_EVEX, 1
VPMOVSXBW_Z, 3
VPMOVSXDQ, 1
VPMOVSXDQ_EVEX, 1
VPMOVSXDQ_Z, 1
VPMOVSXWD, 1
VPMOVSXWD_EVEX, 1
VPMOVSXWD_Z, 1
VPMOVSXWQ, 1
VPMOVSXWQ_EVEX, 1
VPMOVSXWQ_Z, 1
VPMOVUSDB, 2
VPMOVUSDB_Z, 3
VPMOVUSDW, 2
VPMOVUSDW_Z, 3
VPMOVUSQB, 2
VPMOVUSQB_Z, 3
VPMOVUSQD, 1
VPMOVUSQD_Z, 1
VPMOVUSQW, 2
VPMOVUSQW_Z, 3
VPMOVUSWB, 2
VPMOVUSWB_Z, 3
VPMOVW2M, 3
VPMOVWB, 2
VPMOVWB_Z, 3
VPMOVZXBD, 1
VPMOVZXBD_EVEX, 1
VPMOVZXBD_Z, 1
VPMOVZXBQ, 1
VPMOVZXBQ_EVEX, 1
VPMOVZXBQ_Z, 1
VPMOVZXBW, 1
VPMOVZXBW_EVEX, 1
VPMOVZXBW_Z, 3
VPMOVZXDQ, 1
VPMOVZXDQ_EVEX, 1
VPMOVZXDQ_Z, 1
VPMOVZXWD, 1
VPMOVZXWD_EVEX, 1
VPMOVZXWD_Z, 1
VPMOVZXWQ, 1
VPMOVZXWQ_EVEX, 1
VPMOVZXWQ_Z, 1
VPMULDQ, 4
VPMULDQ_EVEX, 5
VPMULDQ_Z, 5
VPMULHRSW, 5
VPMULHRSW_EVEX, 5
VPMULHRSW_Z, 7
VPMULHUW, 5
VPMULHUW_EVEX, 5
VPMULHUW_Z, 7
VPMULHW, 5
VPMULHW_EVEX, 5
VPMULHW_Z, 7
VPMULLD, 5
VPMULLD_EVEX, 10
VPMULLD_Z, 5
VPMULLQ, 14
VPMULLQ_Z, 15
VPMULLW, 5
VPMULLW_EVEX, 5
VPMULLW_Z, 7
VPMULTISHIFTQB, 3
VPMULTISHIFTQB_Z, 5
VPMULUDQ, 4
VPMULUDQ_EVEX, 5
VPMULUDQ_Z, 5
VPOPCNTB, 3
VPOPCNTB_Z, 5
VPOPCNTD, 3
VPOPCNTD_Z, 3
VPOPCNTQ, 3
VPOPCNTQ_Z, 3
VPOPCNTW, 3
VPOPCNTW_Z, 5
VPOR, 1
VPORD, 1
VPORD_Z, 1
VPORQ, 1
VPORQ_Z, 1
VPROLD, 1
VPROLD_Z, 1
VPROLQ, 1
VPROLQ_Z, 1
VPROLVD, 1
VPROLVD_Z, 1
VPROLVQ, 1
VPROLVQ_Z, 1
VPRORD, 1
VPRORD_Z, 1
VPRORQ, 1
VPRORQ_Z, 1
VPRORVD, 1
VPRORVD_Z, 1
VPRORVQ, 1
VPRORVQ_Z, 1
VPSADBW, 3
VPSADBW_EVEX, 3
VPSCATTERDD, 1
VPSCATTERDQ, 1
VPSCATTERQD, 1
VPSCATTERQQ, 1
VPSHLDD, 1
VPSHLDD_Z, 1
VPSHLDQ, 1
VPSHLDQ_Z, 1
VPSHLDVD, 1
VPSHLDVD_Z, 1
VPSHLDVQ, 1
VPSHLDVQ_Z, 1
VPSHLDVW, 1
VPSHLDVW_Z, 3
VPSHLDW, 1
VPSHLDW_Z, 3
VPSHRDD, 1
VPSHRDD_Z, 1
VPSHRDQ, 1
VPSHRDQ_Z, 1
VPSHRDVD, 1
VPSHRDVD_Z, 1
VPSHRDVQ, 1
VPSHRDVQ_Z, 1
VPSHRDVW, 1
VPSHRDVW_Z, 3
VPSHRDW, 1
VPSHRDW_Z, 3
VPSHUFB, 1
VPSHUFB_EVEX, 1
VPSHUFB_Z, 3
VPSHUFBITQMB, 6
VPSHUFD, 1
VPSHUFD_EVEX, 1
VPSHUFD_Z, 1
VPSHUFHW, 1
VPSHUFHW_EVEX, 1
VPSHUFHW_Z, 3
VPSHUFLW, 1
VPSHUFLW_EVEX, 1
VPSHUFLW_Z, 3
VPSIGNB, 1
VPSIGND, 1
VPSIGNW, 1
VPSLLD, 1
VPSLLD_EVEX, 1
VPSLLD_Z, 1
VPSLLDQ, 1
VPSLLDQ_EVEX, 1
VPSLLQ, 1
VPSLLQ_EVEX, 1
VPSLLQ_Z, 1
VPSLLVD, 1
VPSLLVD_EVEX, 1
VPSLLVD_Z, 1
VPSLLVQ, 1
VPSLLVQ_EVEX, 1
VPSLLVQ_Z, 1
VPSLLVW, 1
VPSLLVW_Z, 3
VPSLLW, 1
VPSLLW_EVEX, 1
VPSLLW_Z, 3
VPSRAD, 1
VPSRAD_EVEX, 1
VPSRAD_Z, 1
VPSRAQ, 1
VPSRAQ_Z, 1
VPSRAVD, 1
VPSRAVD_EVEX, 1
VPSRAVD_Z, 1
VPSRAVQ, 1
VPSRAVQ_Z, 1
VPSRAVW, 1
VPSRAVW_Z, 3
VPSRAW, 1
VPSRAW_EVEX, 1
VPSRAW_Z, 3
VPSRLD, 1
VPSRLD_EVEX, 1
VPSRLD_Z, 1
VPSRLDQ, 1
VPSRLDQ_EVEX, 1
VPSRLQ, 1
VPSRLQ_EVEX, 1
VPSRLQ_Z, 1
VPSRLVD, 1
VPSRLVD_EVEX, 1
VPSRLVD_Z, 1
VPSRLVQ, 1
VPSRLVQ_EVEX, 1
VPSRLVQ_Z, 1
VPSRLVW, 1
VPSRLVW_Z, 3
VPSRLW, 1
VPSRLW_EVEX, 1
VPSRLW_Z, 3
VPSUBB, 0
VPSUBB_EVEX, 0
VPSUBB_Z, 3
VPSUBD, 0
VPSUBD_EVEX, 0
VPSUBD_Z, 1
VPSUBQ, 0
VPSUBQ_EVEX, 0
VPSUBQ_Z, 1
VPSUBSB, 0
VPSUBSB_EVEX, 0
VPSUBSB_Z, 3
VPSUBSW, 0
VPSUBSW_EVEX, 0
VPSUBSW_Z, 3
VPSUBUSB, 0
VPSUBUSB_EVEX, 0
VPSUBUSB_Z, 3
VPSUBUSW, 0
VPSUBUSW_EVEX, 0
VPSUBUSW_Z, 3
VPSUBW, 0
VPSUBW_EVEX, 0
VPSUBW_Z, 3
VPTERNLOGD, 1
VPTERNLOGD_Z, 1
VPTERNLOGQ, 1
VPTERNLOGQ_Z, 1
VPTEST, 4
VPTESTMB, 3
VPTESTMD, 3
VPTESTMQ, 3
VPTESTMW, 3
VPTESTNMB, 3
VPTESTNMD, 3
VPTESTNMQ, 3
VPTESTNMW, 3
VPUNPCKHBW, 1
VPUNPCKHBW_EVEX, 1
VPUNPCKHBW_Z, 3
VPUNPCKHDQ, 1
VPUNPCKHDQ_EVEX, 1
VPUNPCKHDQ_Z, 1
VPUNPCKHQDQ, 1
VPUNPCKHQDQ_EVEX, 1
VPUNPCKHQDQ_Z, 1
VPUNPCKHWD, 1
VPUNPCKHWD_EVEX, 1
VPUNPCKHWD_Z, 3
VPUNPCKLBW, 1
VPUNPCKLBW_EVEX, 1
VPUNPCKLBW_Z, 3
VPUNPCKLDQ, 1
VPUNPCKLDQ_EVEX, 1
VPUNPCKLDQ_Z, 1
VPUNPCKLQDQ, 1
VPUNPCKLQDQ_EVEX, 1
VPUNPCKLQDQ_Z, 1
VPUNPCKLWD, 1
VPUNPCKLWD_EVEX, 1
VPUNPCKLWD_Z, 3
VPXOR, 0
VPXORD, 0
VPXORD_Z, 1
VPXORQ, 0
VPXORQ_Z, 1
VRANGEPD, 4
VRANGEPD_SAE, 4
VRANGEPD_SAE_Z, 4
VRANGEPD_Z, 4
VRANGEPS, 4
VRANGEPS_SAE, 4
VRANGEPS_SAE_Z, 4
VRANGEPS_Z, 4
VRANGESD, 4
VRANGESD_SAE, 4
VRANGESD_SAE_Z, 4
VRANGESD_Z, 4
VRANGESS, 4
VRANGESS_SAE, 4
VRANGESS_SAE_Z, 4
VRANGESS_Z, 4
VRCP14PD, 1
VRCP14PD_Z, 4
VRCP14PS, 1
VRCP14PS_Z, 4
VRCP14SD, 4
VRCP14SD_Z, 4
VRCP14SS, 4
VRCP14SS_Z, 4
VRCP28PD, 0
VRCP28PD_SAE, 0
VRCP28PD_SAE_Z, 0
VRCP28PD_Z, 0
VRCP28PS, 0
VRCP28PS_SAE, 0
VRCP28PS_SAE_Z, 0
VRCP28PS_Z, 0
VRCP28SD, 0
VRCP28SD_SAE, 0
VRCP28SD_SAE_Z, 0
VRCP28SD_Z, 0
VRCP28SS, 0
VRCP28SS_SAE, 0
VRCP28SS_SAE_Z, 0
VRCP28SS_Z, 0
VRCPPH, 3
VRCPPH_Z, 4
VRCPPS, 4
VRCPSH, 4
VRCPSH_Z, 4
VRCPSS, 4
VREDUCEPD, 4
VREDUCEPD_SAE, 4
VREDUCEPD_SAE_Z, 4
VREDUCEPD_Z, 4
VREDUCEPH, 5
VREDUCEPH_SAE, 5
VREDUCEPH_SAE_Z, 14
VREDUCEPH_Z, 14
VREDUCEPS, 4
VREDUCEPS_SAE, 4
VREDUCEPS_SAE_Z, 4
VREDUCEPS_Z, 4
VREDUCESD, 4
VREDUCESD_SAE, 4
VREDUCESD_SAE_Z, 4
VREDUCESD_Z, 4
VREDUCESH, 5
VREDUCESH_SAE, 5
VREDUCESH_SAE_Z, 14
VREDUCESH_Z, 14
VREDUCESS, 4
VREDUCESS_SAE, 4
VREDUCESS_SAE_Z, 4
VREDUCESS_Z, 4
VRNDSCALEPD, 4
VRNDSCALEPD_SAE, 4
VRNDSCALEPD_SAE_Z, 8
VRNDSCALEPD_Z, 8
VRNDSCALEPH, 5
VRNDSCALEPH_SAE, 5
VRNDSCALEPH_SAE_Z, 9
VRNDSCALEPH_Z, 9
VRNDSCALEPS, 4
VRNDSCALEPS_SAE, 4
VRNDSCALEPS_SAE_Z, 8
VRNDSCALEPS_Z, 8
VRNDSCALESD, 4
VRNDSCALESD_SAE, 4
VRNDSCALESD_SAE_Z, 8
VRNDSCALESD_Z, 8
VRNDSCALESH, 5
VRNDSCALESH_SAE, 5
VRNDSCALESH_SAE_Z, 9
VRNDSCALESH_Z, 9
VRNDSCALESS, 4
VRNDSCALESS_SAE, 4
VRNDSCALESS_SAE_Z, 8
VRNDSCALESS_Z, 8
VROUNDPD, 8
VROUNDPS, 8
VROUNDSD, 8
VROUNDSS, 8
VRSQRT14PD, 4
VRSQRT14PD_Z, 4
VRSQRT14PS, 4
VRSQRT14PS_Z, 4
VRSQRT14SD, 4
VRSQRT14SD_Z, 4
VRSQRT14SS, 4
VRSQRT14SS_Z, 4
VRSQRT28PD, 0
VRSQRT28PD_SAE, 0
VRSQRT28PD_SAE_Z, 0
VRSQRT28PD_Z, 0
VRSQRT28PS, 0
VRSQRT28PS_SAE, 0
VRSQRT28PS_SAE_Z, 0
VRSQRT28PS_Z, 0
VRSQRT28SD, 0
VRSQRT28SD_SAE, 0
VRSQRT28SD_SAE_Z, 0
VRSQRT28SD_Z, 0
VRSQRT28SS, 0
VRSQRT28SS_SAE, 0
VRSQRT28SS_SAE_Z, 0
VRSQRT28SS_Z, 0
VRSQRTPH, 4
VRSQRTPH_Z, 4
VRSQRTPS, 4
VRSQRTSH, 4
VRSQRTSH_Z, 4
VRSQRTSS, 4
VSCALEFPD, 4
VSCALEFPD_ER, 4
VSCALEFPD_ER_Z, 4
VSCALEFPD_Z, 4
VSCALEFPH, 5
VSCALEFPH_ER, 5
VSCALEFPH_ER_Z, 9
VSCALEFPH_Z, 9
VSCALEFPS, 4
VSCALEFPS_ER, 4
VSCALEFPS_ER_Z, 4
VSCALEFPS_Z, 4
VSCALEFSD, 4
VSCALEFSD_ER, 4
VSCALEFSD_ER_Z, 4
VSCALEFSD_Z, 4
VSCALEFSH, 5
VSCALEFSH_ER, 5
VSCALEFSH_ER_Z, 9
VSCALEFSH_Z, 9
VSCALEFSS, 4
VSCALEFSS_ER, 4
VSCALEFSS_ER_Z, 4
VSCALEFSS_Z, 4
VSCATTERDPD, 1
VSCATTERDPS, 1
VSCATTERPF0DPD, 0
VSCATTERPF0DPS, 0
VSCATTERPF0QPD, 0
VSCATTERPF0QPS, 0
VSCATTERPF1DPD, 0
VSCATTERPF1DPS, 0
VSCATTERPF1QPD, 0
VSCATTERPF1QPS, 0
VSCATTERQPD, 1
VSCATTERQPS, 1
VSHUFF32X4, 3
VSHUFF32X4_Z, 3
VSHUFF64X2, 3
VSHUFF64X2_Z, 3
VSHUFI32X4, 3
VSHUFI32X4_Z, 3
VSHUFI64X2, 3
VSHUFI64X2_Z, 3
VSHUFPD, 1
VSHUFPD_EVEX, 1
VSHUFPD_Z, 1
VSHUFPS, 1
VSHUFPS_EVEX, 1
VSHUFPS_Z, 1
VSQRTPD, 13
VSQRTPD_ER, 23
VSQRTPD_ER_Z, 23
VSQRTPD_EVEX, 13
VSQRTPD_Z, 13
VSQRTPH, 33
VSQRTPH_ER, 45
VSQRTPH_ER_Z, 47
VSQRTPH_Z, 35
VSQRTPS, 12
VSQRTPS_ER, 19
VSQRTPS_ER_Z, 19
VSQRTPS_EVEX, 12
VSQRTPS_Z, 12
VSQRTSD, 13
VSQRTSD_ER, 13
VSQRTSD_ER_Z, 13
VSQRTSD_EVEX, 13
VSQRTSD_EVEX_ER, 13
VSQRTSD_Z, 13
VSQRTSH, 15
VSQRTSH_ER, 15
VSQRTSH_ER_Z, 15
VSQRTSH_Z, 15
VSQRTSS, 12
VSQRTSS_ER, 12
VSQRTSS_ER_Z, 12
VSQRTSS_EVEX, 12
VSQRTSS_EVEX_ER, 12
VSQRTSS_Z, 12
VSTMXCSR, 12
VSUBPD, 3
VSUBPD_ER, 3
VSUBPD_ER_Z, 4
VSUBPD_EVEX, 3
VSUBPD_Z, 4
VSUBPH, 4
VSUBPH_ER, 4
VSUBPH_ER_Z, 5
VSUBPH_Z, 5
VSUBPS, 3
VSUBPS_ER, 3
VSUBPS_ER_Z, 4
VSUBPS_EVEX, 3
VSUBPS_Z, 4
VSUBSD, 3
VSUBSD_ER, 3
VSUBSD_ER_Z, 4
VSUBSD_EVEX, 3
VSUBSD_EVEX_ER, 3
VSUBSD_Z, 4
VSUBSH, 4
VSUBSH_ER, 4
VSUBSH_ER_Z, 5
VSUBSH_Z, 5
VSUBSS, 3
VSUBSS_ER, 3
VSUBSS_ER_Z, 4
VSUBSS_EVEX, 3
VSUBSS_EVEX_ER, 3
VSUBSS_Z, 4
VTESTPD, 3
VTESTPS, 3
VUCOMISD, 3
VUCOMISD_EVEX, 3
VUCOMISD_EVEX_SAE, 3
VUCOMISH, 4
VUCOMISH_SAE, 4
VUCOMISS, 3
VUCOMISS_EVEX, 3
VUCOMISS_EVEX_SAE, 3
VUNPCKHPD, 1
VUNPCKHPD_EVEX, 1
VUNPCKHPD_Z, 1
VUNPCKHPS, 1
VUNPCKHPS_EVEX, 1
VUNPCKHPS_Z, 1
VUNPCKLPD, 1
VUNPCKLPD_EVEX, 1
VUNPCKLPD_Z, 1
VUNPCKLPS, 1
VUNPCKLPS_EVEX, 1
VUNPCKLPS_Z, 1
VXORPD, 0
VXORPD_EVEX, 0
VXORPD_Z, 1
VXORPS, 0
VXORPS_EVEX, 0
VZEROALL, 0
VZEROUPPER, 0
WBINVD, 0
WBNOINVD, 0
VXORPS_Z, 1
WRFSBASE, 0
WRMSR, 0
WRMSRLIST, 0
WRMSRNS, 0
WRPKRU, 0
WRGSBASE, 0
WRSSD, 0
WRSSQ, 0
WRUSSD, 0
WRUSSQ, 0
XABORT, 0
XADD, 1
XADD_LOCK, 13
XBEGIN, 0
XBEGIN_REX64, 0
XCRYPTCBC_REPE, 0
XCRYPTCFB_REPE, 0
XCRYPTCTR_REPE, 0
XCRYPTECB_REPE, 0
XCRYPTOFB_REPE, 0
XEND, 0
XGETBV, 1
XLAT, 6
XCHG, 1
XOR, 1
XOR_30, 1
XOR_31, 0
XOR_32, 1
XOR_33, 0
XOR_LOCK, 14
XOR_R0, 1
XOR_R4, 1
XORPD, 0
XRESLDTRK, 0
XORPS, 0
XRSTOR, 0
XRSTOR64, 0
XRSTORS, 0
XRSTORS64, 0
XSAVE, 0
XSAVE64, 0
XSAVEC, 0
XSAVEC64, 0
XSAVEOPT, 0
XSAVEOPT64, 0
XSAVES, 0
XSETBV, 0
XSHA1_REPE, 0
XSHA256_REPE, 0
XSTORE, 0
XSTORE_REPE, 0
XSTORE_REX64, 0
XSUSLDTRK, 0
XTEST, 0
ROI_BEGIN, 0
ROI_END, 0